Date,Open,High,Low,Close,Adj Close,Volume,Ticker
2017-08-21,6241.209961,6308.720215,6241.209961,6265.640137,6265.640137,6190600000,IXIC
2017-08-28,6286.009766,6449.649902,6228.72998,6435.330078,6435.330078,8282150000,IXIC
2017-09-04,6414.819824,6426.509766,6334.589844,6360.189941,6360.189941,7576920000,IXIC
2017-09-11,6411.180176,6464.27002,6410.709961,6448.470215,6448.470215,10136760000,IXIC
2017-09-18,6460.100098,6477.77002,6400.810059,6426.919922,6426.919922,9148560000,IXIC
2017-09-25,6403.109863,6497.97998,6343.959961,6495.959961,6495.959961,9826840000,IXIC
2017-10-02,6506.080078,6590.180176,6484.140137,6590.180176,6590.180176,9502930000,IXIC
2017-10-09,6597.370117,6616.580078,6561.779785,6605.799805,6605.799805,8877000000,IXIC
2017-10-16,6622.549805,6640.029785,6558.529785,6629.049805,6629.049805,8629420000,IXIC
2017-10-23,6641.569824,6708.129883,6517.930176,6701.259766,6701.259766,10354490000,IXIC
2017-10-30,6693.77002,6765.140137,6677.149902,6764.439941,6764.439941,10572340000,IXIC
2017-11-06,6763.299805,6795.52002,6687.279785,6750.939941,6750.939941,10691880000,IXIC
2017-11-13,6727.390137,6806.669922,6667.310059,6782.790039,6782.790039,9857290000,IXIC
2017-11-20,6789.279785,6890.02002,6779.490234,6889.160156,6889.160156,6121150000,IXIC
2017-11-27,6889.910156,6914.189941,6737.160156,6847.589844,6847.589844,10978820000,IXIC
2017-12-04,6897.129883,6899.22998,6734.129883,6840.080078,6840.080078,10142120000,IXIC
2017-12-11,6847.640137,6945.819824,6844.879883,6936.580078,6936.580078,11095710000,IXIC
2017-12-18,6980.399902,7003.890137,6935.419922,6959.959961,6959.959961,9444840000,IXIC
2017-12-25,6928.919922,6955.379883,6903.390137,6903.390137,6903.390137,5596930000,IXIC
2018-01-01,6937.649902,7137.040039,6924.080078,7136.560059,7136.560059,8201500000,IXIC
2018-01-08,7135.379883,7265.259766,7111.52002,7261.060059,7261.060059,10267410000,IXIC
2018-01-15,7307.189941,7336.379883,7205.930176,7336.379883,7336.379883,8638700000,IXIC
2018-01-22,7338.040039,7505.77002,7332.810059,7505.77002,7505.77002,10623380000,IXIC
2018-01-29,7484.470215,7500.609863,7238.180176,7240.950195,7240.950195,11554350000,IXIC
2018-02-05,7165.959961,7277.359863,6630.669922,6874.490234,6874.490234,14468560000,IXIC
2018-02-12,6936.680176,7303.259766,6879.689941,7239.470215,7239.470215,10399080000,IXIC
2018-02-19,7209.029785,7338.640137,7194.839844,7337.390137,7337.390137,7648540000,IXIC
2018-02-26,7373.299805,7438.089844,7084.830078,7257.870117,7257.870117,11172700000,IXIC
2018-03-05,7222.890137,7560.810059,7205.310059,7560.810059,7560.810059,10946190000,IXIC
2018-03-12,7581.040039,7637.27002,7463.189941,7481.990234,7481.990234,11886280000,IXIC
2018-03-19,7419.200195,7421.22998,6992.669922,6992.669922,6992.669922,11021080000,IXIC
2018-03-26,7125.200195,7255.540039,6901.069824,7063.450195,7063.450195,9725220000,IXIC
2018-04-02,7016.169922,7112.379883,6805.959961,6915.109863,6915.109863,11452510000,IXIC
2018-04-09,6971.450195,7183.620117,6944.959961,7106.649902,7106.649902,9936540000,IXIC
2018-04-16,7153.870117,7319.580078,7115.850098,7146.129883,7146.129883,9488140000,IXIC
2018-04-23,7173.990234,7197.149902,6926.970215,7119.799805,7119.799805,10067980000,IXIC
2018-04-30,7133.950195,7228.259766,6991.140137,7209.620117,7209.620117,10428300000,IXIC
2018-05-07,7241.819824,7417.669922,7224.700195,7402.879883,7402.879883,10552780000,IXIC
2018-05-14,7429.450195,7458.419922,7320.970215,7354.339844,7354.339844,10171780000,IXIC
2018-05-21,7406.339844,7452.850098,7334.620117,7433.850098,7433.850098,9587950000,IXIC
2018-05-28,7398.509766,7557.379883,7354.290039,7554.330078,7554.330078,8860030000,IXIC
2018-06-04,7570.080078,7697.410156,7561.200195,7645.509766,7645.509766,10663030000,IXIC
2018-06-11,7647.240234,7768.600098,7642.870117,7746.379883,7746.379883,11354490000,IXIC
2018-06-18,7692.959961,7806.600098,7635.72998,7692.819824,7692.819824,12912270000,IXIC
2018-06-25,7631.120117,7639.72998,7419.560059,7510.299805,7510.299805,11167570000,IXIC
2018-07-02,7451.899902,7695.810059,7443.100098,7688.390137,7688.390137,6396830000,IXIC
2018-07-09,7731.740234,7843.52002,7696.580078,7825.97998,7825.97998,8964210000,IXIC
2018-07-16,7831.740234,7867.149902,7749.609863,7820.200195,7820.200195,8967820000,IXIC
2018-07-23,7806.930176,7933.310059,7698.959961,7737.419922,7737.419922,10011170000,IXIC
2018-07-30,7735.27002,7824.060059,7604.240234,7812.009766,7812.009766,10662010000,IXIC
2018-08-06,7809.540039,7923.350098,7801.879883,7839.109863,7839.109863,10651740000,IXIC
2018-08-13,7848,7888.660156,7732.689941,7816.330078,7816.330078,9941250000,IXIC
2018-08-20,7834.370117,7949.709961,7787.899902,7945.97998,7945.97998,8892550000,IXIC
2018-08-27,7989.640137,8133.299805,7976.600098,8109.540039,8109.540039,10091790000,IXIC
2018-09-03,8087.950195,8104.069824,7873.930176,7902.540039,7902.540039,9341360000,IXIC
2018-09-10,7939.569824,8040.830078,7880.919922,8010.040039,8010.040039,11072340000,IXIC
2018-09-17,7992.209961,8057.259766,7890.069824,7986.959961,7986.959961,12752830000,IXIC
2018-09-24,7939.379883,8071.560059,7912.470215,8046.350098,8046.350098,11379260000,IXIC
2018-10-01,8091.5,8107.379883,7715.970215,7788.450195,7788.450195,13689380000,IXIC
2018-10-08,7747.100098,7799.75,7274.040039,7496.890137,7496.890137,13565590000,IXIC
2018-10-15,7473.330078,7670.490234,7400.069824,7449.029785,7449.029785,12215040000,IXIC
2018-10-22,7486.740234,7520.540039,7057,7167.209961,7167.209961,13660360000,IXIC
2018-10-29,7272.419922,7466.529785,6922.830078,7356.990234,7356.990234,13869380000,IXIC
2018-11-05,7344.080078,7572.930176,7255.879883,7406.899902,7406.899902,12010600000,IXIC
2018-11-12,7364.049805,7371.089844,7072.359863,7247.870117,7247.870117,12120210000,IXIC
2018-11-19,7217.240234,7224.120117,6830.759766,6938.97998,6938.97998,7835970000,IXIC
2018-11-26,7026.5,7332.790039,7003.120117,7330.540039,7330.540039,10995080000,IXIC
2018-12-03,7486.129883,7486.509766,6945.27002,6969.25,6969.25,10565860000,IXIC
2018-12-10,6959.629883,7197.290039,6878.990234,6910.660156,6910.660156,11369950000,IXIC
2018-12-17,6886.459961,6931.810059,6304.629883,6332.990234,6332.990234,15952800000,IXIC
2018-12-24,6278.490234,6684.180176,6190.169922,6584.52002,6584.52002,8821170000,IXIC
2018-12-31,6649.52002,6760.689941,6457.129883,6738.859863,6738.859863,9547200000,IXIC
2019-01-07,6757.529785,6991.370117,6741.399902,6971.47998,6971.47998,11556010000,IXIC
2019-01-14,6908.029785,7185.379883,6887.47998,7157.22998,7157.22998,10709960000,IXIC
2019-01-21,7109.569824,7174.560059,6953.22998,7164.859863,7164.859863,9496500000,IXIC
2019-01-28,7075.009766,7303.120117,7011.470215,7263.870117,7263.870117,12371360000,IXIC
2019-02-04,7266.279785,7410.77002,7225.140137,7298.200195,7298.200195,10913460000,IXIC
2019-02-11,7327.370117,7477.279785,7290.029785,7472.410156,7472.410156,10477050000,IXIC
2019-02-18,7450.75,7527.540039,7430.890137,7527.540039,7527.540039,8839310000,IXIC
2019-02-25,7585.299805,7603.040039,7485.390137,7595.350098,7595.350098,12154480000,IXIC
2019-03-04,7636.620117,7643.660156,7332.919922,7408.140137,7408.140137,11641280000,IXIC
2019-03-11,7442.560059,7714.959961,7442.399902,7688.529785,7688.529785,12378400000,IXIC
2019-03-18,7696.379883,7850.109863,7642.569824,7642.669922,7642.669922,12106360000,IXIC
2019-03-25,7618.97998,7738.169922,7579.290039,7729.319824,7729.319824,10556310000,IXIC
2019-04-01,7800.240234,7940.450195,7777.089844,7938.689941,7938.689941,11038290000,IXIC
2019-04-08,7924.890137,7992.089844,7891.850098,7984.160156,7984.160156,10047170000,IXIC
2019-04-15,7987.160156,8052.399902,7933.569824,7998.060059,7998.060059,8292300000,IXIC
2019-04-22,7969.370117,8151.839844,7965.899902,8146.399902,8146.399902,9908160000,IXIC
2019-04-29,8147.649902,8176.080078,7976.77002,8164,8164,10328940000,IXIC
2019-05-06,7981.850098,8135.540039,7759.339844,7916.939941,7916.939941,11426370000,IXIC
2019-05-13,7720.069824,7946.22998,7627.220215,7816.279785,7816.279785,10862480000,IXIC
2019-05-20,7714.060059,7804.439941,7585.319824,7637.009766,7637.009766,9923790000,IXIC
2019-05-27,7655.660156,7693.740234,7448.22998,7453.149902,7453.149902,8740400000,IXIC
2019-06-03,7441.209961,7767.02002,7292.220215,7742.100098,7742.100098,11198600000,IXIC
2019-06-10,7798.870117,7909.990234,7773.970215,7796.660156,7796.660156,9760110000,IXIC
2019-06-17,7819.430176,8088.879883,7812.609863,8031.709961,8031.709961,11142160000,IXIC
2019-06-24,8040.580078,8047.560059,7879.149902,8006.240234,8006.240234,12404540000,IXIC
2019-07-01,8145.850098,8171.970215,8059.290039,8161.790039,8161.790039,5852820000,IXIC
2019-07-08,8112.910156,8245.660156,8061.319824,8244.139648,8244.139648,7896440000,IXIC
2019-07-15,8263.179688,8264.780273,8135.120117,8146.490234,8146.490234,9459940000,IXIC
2019-07-22,8171.990234,8339.639648,8171.540039,8330.209961,8330.209961,9603020000,IXIC
2019-07-29,8325.099609,8325.280273,7953.669922,8004.069824,8004.069824,11471340000,IXIC
2019-08-05,7823.330078,8041.120117,7662.899902,7959.140137,7959.140137,11931580000,IXIC
2019-08-12,7907.490234,8065.240234,7716.549805,7895.990234,7895.990234,11103930000,IXIC
2019-08-19,8006.180176,8048.580078,7730.77002,7751.77002,7751.77002,9383630000,IXIC
2019-08-26,7829.580078,8017.910156,7766.669922,7962.879883,7962.879883,8626230000,IXIC
2019-09-02,7906.439941,8134.419922,7847.319824,8103.069824,8103.069824,7800190000,IXIC
2019-09-09,8130.910156,8243.799805,8001.680176,8176.709961,8176.709961,10981570000,IXIC
2019-09-16,8121.640137,8237.429688,8086.160156,8117.669922,8117.669922,10906520000,IXIC
2019-09-23,8106.490234,8158.830078,7890.279785,7939.629883,7939.629883,9968550000,IXIC
2019-09-30,7964.089844,8062.5,7700,7982.470215,7982.470215,10423010000,IXIC
2019-10-07,7956.410156,8115.799805,7823.72998,8057.040039,8057.040039,9181750000,IXIC
2019-10-14,8044.350098,8183.640137,8036.410156,8089.540039,8089.540039,9017600000,IXIC
2019-10-21,8137.419922,8249.969727,8078.350098,8243.120117,8243.120117,9182320000,IXIC
2019-10-28,8285.769531,8386.75,8241.700195,8386.400391,8386.400391,10034810000,IXIC
2019-11-04,8445.5,8483.160156,8379.330078,8475.30957,8475.30957,11167410000,IXIC
2019-11-11,8431.259766,8540.830078,8425.480469,8540.830078,8540.830078,10171370000,IXIC
2019-11-18,8529.160156,8589.759766,8468.629883,8519.879883,8519.879883,10651590000,IXIC
2019-11-25,8559.650391,8705.910156,8559.650391,8665.469727,8665.469727,7534310000,IXIC
2019-12-02,8672.839844,8672.839844,8435.400391,8656.530273,8656.530273,10862130000,IXIC
2019-12-09,8650.860352,8768.870117,8600.820313,8734.879883,8734.879883,10656750000,IXIC
2019-12-16,8791.30957,8931.910156,8789.769531,8924.959961,8924.959961,13689690000,IXIC
2019-12-23,8950.200195,9052,8934.360352,9006.620117,9006.620117,6507090000,IXIC
2019-12-30,9004.450195,9093.429688,8909.19043,9020.769531,9020.769531,9640990000,IXIC
2020-01-06,8943.5,9235.200195,8943.5,9178.860352,9178.860352,12518750000,IXIC
2020-01-13,9213.719727,9393.480469,9193.05957,9388.94043,9388.94043,12332160000,IXIC
2020-01-20,9361.070313,9451.429688,9273.230469,9314.910156,9314.910156,10205690000,IXIC
2020-01-27,9092.459961,9329.120117,9088.040039,9150.94043,9150.94043,11983980000,IXIC
2020-02-03,9190.719727,9575.660156,9188.549805,9520.509766,9520.509766,11834370000,IXIC
2020-02-10,9493.629883,9748.320313,9493.629883,9731.179688,9731.179688,11419490000,IXIC
2020-02-17,9679.040039,9838.370117,9542.330078,9576.589844,9576.589844,10214610000,IXIC
2020-02-24,9188.44043,9322.879883,8264.160156,8567.370117,8567.370117,20165480000,IXIC
2020-03-02,8667.139648,9070.320313,8375.129883,8575.620117,8575.620117,20200270000,IXIC
2020-03-09,7957.930176,8347.400391,7194.669922,7874.879883,7874.879883,22988590000,IXIC
2020-03-16,7392.72998,7422.200195,6686.359863,6879.52002,6879.52002,24387290000,IXIC
2020-03-23,6847.279785,7809.830078,6631.419922,7502.379883,7502.379883,21391290000,IXIC
2020-03-30,7583.459961,7880.310059,7288.109863,7373.080078,7373.080078,18479400000,IXIC
2020-04-06,7660.169922,8227.910156,7617.790039,8153.580078,8153.580078,15512910000,IXIC
2020-04-13,8127.689941,8670.299805,8035.950195,8650.139648,8650.139648,18544320000,IXIC
2020-04-20,8553.379883,8684.910156,8215.69043,8634.519531,8634.519531,17986190000,IXIC
2020-04-27,8717.980469,8957.269531,8566.839844,8604.950195,8604.950195,19803440000,IXIC
2020-05-04,8555.320313,9125.980469,8537.830078,9121.320313,9121.320313,18494950000,IXIC
2020-05-11,9054.910156,9250.959961,8705.25,9014.55957,9014.55957,20624450000,IXIC
2020-05-18,9177.150391,9405.25,9154.349609,9324.589844,9324.589844,20123330000,IXIC
2020-05-25,9501.209961,9523.639648,9144.280273,9489.870117,9489.870117,17669040000,IXIC
2020-06-01,9471.419922,9845.69043,9462.320313,9814.080078,9814.080078,25072780000,IXIC
2020-06-08,9823.44043,10086.88965,9413.620117,9588.80957,9588.80957,26190570000,IXIC
2020-06-15,9426.900391,10053.91016,9403,9946.120117,9946.120117,23693060000,IXIC
2020-06-22,9945.490234,10221.84961,9749.070313,9757.219727,9757.219727,27718740000,IXIC
2020-06-29,9771.719727,10310.36035,9663.610352,10207.62988,10207.62988,17393620000,IXIC
2020-07-06,10360.37988,10622.34961,10337.98047,10617.44043,10617.44043,20345500000,IXIC
2020-07-13,10729.91992,10824.78027,10182.45996,10503.19043,10503.19043,22423640000,IXIC
2020-07-20,10526.01953,10839.92969,10217.30957,10363.17969,10363.17969,22334910000,IXIC
2020-07-27,10421.7002,10747.79981,10397.87012,10745.26953,10745.26953,20603620000,IXIC
2020-08-03,10848.63965,11126.04004,10831.15039,11010.98047,11010.98047,20583730000,IXIC
2020-08-10,11033.73047,11124.84961,10762.70996,11019.29981,11019.29981,18974810000,IXIC
2020-08-17,11083.25,11326.20996,11080.29981,11311.79981,11311.79981,17937170000,IXIC
2020-08-24,11449.25,11730.00977,11297.53027,11695.62988,11695.62988,17315540000,IXIC
2020-08-31,11718.80957,12074.05957,10875.87012,11313.12988,11313.12988,19750590000,IXIC
2020-09-07,10900.7002,11299.53027,10728.03027,10853.54981,10853.54981,14827300000,IXIC
2020-09-14,11010.13965,11245.41992,10639.9502,10793.28027,10793.28027,20623790000,IXIC
2020-09-21,10610.13965,10979.65039,10519.49023,10913.55957,10913.55957,19299780000,IXIC
2020-09-28,11084.37988,11344.12988,11019.13965,11075.01953,11075.01953,18848160000,IXIC
2020-10-05,11169.11035,11581.23047,11124.4502,11579.94043,11579.94043,18812100000,IXIC
2020-10-12,11732.33008,11965.54004,11559.09961,11671.55957,11671.55957,17324490000,IXIC
2020-10-19,11732.33984,11778.11035,11369.29004,11548.28027,11548.28027,16932980000,IXIC
2020-10-26,11440.63965,11545.62988,10822.57031,10911.58984,10911.58984,17064360000,IXIC
2020-11-02,11010.4502,11924.28027,10830.9502,11895.23047,11895.23047,17973660000,IXIC
2020-11-09,12046.66016,12108.07031,11424.61035,11829.29004,11829.29004,21863210000,IXIC
2020-11-16,11847.11035,11950.17969,11760.98047,11854.96973,11854.96973,23602770000,IXIC
2020-11-23,11916.75977,12236.23047,11796.53027,12205.84961,12205.84961,19465540000,IXIC
2020-11-30,12224.25,12464.23047,12027.16016,12464.23047,12464.23047,29537740000,IXIC
2020-12-07,12461,12607.13965,12214.74023,12377.87012,12377.87012,23369780000,IXIC
2020-12-14,12447.44043,12809.59961,12432.70996,12755.63965,12755.63965,25480450000,IXIC
2020-12-21,12596.13965,12841.91992,12525.21973,12804.73047,12804.73047,21191830000,IXIC
2020-12-28,12914.63965,12973.33008,12821.23047,12888.28027,12888.28027,19820720000,IXIC
2021-01-04,12958.51953,13208.08984,12543.24023,13201.98047,13201.98047,35100170000,IXIC
2021-01-11,13048.78027,13220.16016,12949.75977,12998.5,12998.5,34204780000,IXIC
2021-01-18,13132.73047,13567.13965,13078.7002,13543.05957,13543.05957,26115360000,IXIC
2021-01-25,13681.20996,13728.98047,12985.04981,13070.69043,13070.69043,42655850000,IXIC
2021-02-01,13226.17969,13878.16016,13132.46973,13856.29981,13856.29981,35636080000,IXIC
2021-02-08,13937.05957,14109.12012,13845.46973,14095.46973,14095.46973,44617630000,IXIC
2021-02-15,14152.20996,14175.12012,13714.34961,13874.45996,13874.45996,28013780000,IXIC
2021-02-22,13714.2002,13757.05957,13003.98047,13192.34961,13192.34961,31930490000,IXIC
2021-03-01,13406.16016,13601.33008,12397.04981,12920.15039,12920.15039,30958600000,IXIC
2021-03-08,12904.25977,13433.62012,12599.23047,13319.86035,13319.86035,29686500000,IXIC
2021-03-15,13323.46973,13620.70996,13039.4502,13215.24023,13215.24023,30154140000,IXIC
2021-03-22,13278.78027,13455.63965,12786.80957,13138.73047,13138.73047,27899070000,IXIC
2021-03-29,13103.96973,13487.08008,12922.57031,13480.11035,13480.11035,19153460000,IXIC
2021-04-05,13594.90039,13905.41016,13582.75977,13900.19043,13900.19043,20597570000,IXIC
2021-04-12,13854.44043,14062.5,13783.9502,14052.33984,14052.33984,21330090000,IXIC
2021-04-19,13984.58008,14062.74023,13698.66992,14016.80957,14016.80957,21275370000,IXIC
2021-04-26,14052.37988,14211.57031,13941.62988,13962.67969,13962.67969,23294070000,IXIC
2021-05-03,14031.76953,14042.12012,13439.38965,13752.24023,13752.24023,24466310000,IXIC
2021-05-10,13687.58984,13687.92969,13002.54004,13429.98047,13429.98047,22935790000,IXIC
2021-05-17,13368.79981,13616.58008,13072.23047,13470.99023,13470.99023,20256610000,IXIC
2021-05-24,13557.20996,13820.87012,13551.00977,13748.74023,13748.74023,21299040000,IXIC
2021-05-31,13829.05957,13836.16992,13548.92969,13814.49023,13814.49023,18924740000,IXIC
2021-06-07,13802.82031,14069.41992,13784.88965,14069.41992,14069.41992,25134490000,IXIC
2021-06-14,14083.46973,14196.20996,13903.73047,14030.37988,14030.37988,24177370000,IXIC
2021-06-21,14047.41992,14414.45996,13960.04004,14360.38965,14360.38965,25057060000,IXIC
2021-06-28,14417.80957,14649.11035,14417.2002,14639.33008,14639.33008,22446620000,IXIC
2021-07-05,14661.54981,14755.33008,14371.58984,14701.91992,14701.91992,17406450000,IXIC
2021-07-12,14743.86035,14803.67969,14413.32031,14427.24023,14427.24023,21422090000,IXIC
2021-07-19,14235.98047,14846.05957,14178.66016,14836.99023,14836.99023,20735140000,IXIC
2021-07-26,14821.03027,14863.65039,14503.75977,14672.67969,14672.67969,20478690000,IXIC
2021-08-02,14758.59961,14896.46973,14584.08984,14835.75977,14835.75977,20421490000,IXIC
2021-08-09,14855.75977,14894.61035,14692.41016,14822.90039,14822.90039,20113470000,IXIC
2021-08-16,14771.53027,14794.67969,14423.16016,14714.66016,14714.66016,19956800000,IXIC
2021-08-23,14776.98047,15144.48047,14776.98047,15129.5,15129.5,18934130000,IXIC
2021-08-30,15165.94043,15380.07031,15165.12012,15363.51953,15363.51953,20162600000,IXIC
2021-09-06,15375.98047,15403.44043,15111.30957,15115.49023,15115.49023,16645800000,IXIC
2021-09-13,15211.42969,15215.44043,14984.67969,15043.96973,15043.96973,24083760000,IXIC
2021-09-20,14758.13965,15085.44043,14530.07031,15047.7002,15047.7002,21295500000,IXIC
2021-09-27,14954.17969,15003.16016,14324.00977,14566.7002,14566.7002,25418990000,IXIC
2021-10-04,14493.12012,14755.71973,14181.69043,14579.54004,14579.54004,20620440000,IXIC
2021-10-11,14540.08008,14904.98047,14441.59961,14897.33984,14897.33984,20306150000,IXIC
2021-10-18,14839.74023,15222.25,14833.28027,15090.2002,15090.2002,23272280000,IXIC
2021-10-25,15142.91992,15504.12012,15070.75,15498.38965,15498.38965,29766610000,IXIC
2021-11-01,15541.25977,16053.38965,15470.82031,15971.58984,15971.58984,26419010000,IXIC
2021-11-08,15995.71973,16038.23047,15543.67969,15860.95996,15860.95996,26421560000,IXIC
2021-11-15,15894.82031,16121.12012,15778.30957,16057.44043,16057.44043,25654580000,IXIC
2021-11-22,16120.91992,16212.23047,15456.08984,15491.66016,15491.66016,18624340000,IXIC
2021-11-29,15719.41992,15833.11035,14931.05957,15085.46973,15085.46973,28925590000,IXIC
2021-12-06,15117.62988,15796.04981,14931.61035,15630.59961,15630.59961,23667670000,IXIC
2021-12-13,15621.26953,15637.05957,14960.37012,15169.67969,15169.67969,27177270000,IXIC
2021-12-20,14933,15697.98047,14860.04004,15653.37012,15653.37012,17122080000,IXIC
2021-12-27,15696.83008,15901.46973,15643.94043,15644.96973,15644.96973,18160800000,IXIC
2022-01-03,15732.5,15852.13965,14877.62988,14935.90039,14935.90039,23537400000,IXIC
2022-01-10,14751.78027,15319.03027,14530.23047,14893.75,14893.75,22631920000,IXIC
2022-01-17,14681.83008,14740.54004,13764.24023,13768.91992,13768.91992,20592260000,IXIC
2022-01-24,13481.5,14002.65039,13094.65039,13770.57031,13770.57031,27810350000,IXIC
2022-01-31,13812.19043,14504.82031,13767.70996,14098.00977,14098.00977,22820160000,IXIC
2022-02-07,14118.79004,14509.55957,13733.16016,13791.15039,13791.15039,23657020000,IXIC
2022-02-14,13768.96973,14163.73047,13465.55957,13548.07031,13548.07031,21653480000,IXIC
2022-02-21,13424.36035,13696.86035,12587.87988,13694.62012,13694.62012,20190530000,IXIC
2022-02-28,13570.83008,13837.58984,13224.98047,13313.44043,13313.44043,27596320000,IXIC
2022-03-07,13328.36035,13353.28027,12670.08008,12843.80957,12843.80957,28456780000,IXIC
2022-03-14,12795.12012,13899.28027,12555.34961,13893.83984,13893.83984,31451040000,IXIC
2022-03-21,13860.38965,14218.75977,13682.54981,14169.29981,14169.29981,26631940000,IXIC
2022-03-28,14177.20996,14646.90039,14101.33984,14261.5,14261.5,26969050000,IXIC
2022-04-04,14304.34961,14534.37988,13689.23047,13711,13711,23948620000,IXIC
2022-04-11,13547.29004,13685.9502,13317.74023,13351.08008,13351.08008,19393150000,IXIC
2022-04-18,13319.38965,13710.7002,12828.01953,12839.29004,12839.29004,23180770000,IXIC
2022-04-25,12749.16992,13011.4502,12315.74023,12334.63965,12334.63965,24487710000,IXIC
2022-05-02,12331.69043,12985.00977,11990.15039,12144.66016,12144.66016,25467710000,IXIC
2022-05-09,11923.03027,11990.61035,11108.75977,11805,11805,30747340000,IXIC
2022-05-16,11727.13965,11988.42969,11035.69043,11354.62012,11354.62012,25560860000,IXIC
2022-05-23,11396.28027,12131.66016,11092.48047,12131.12988,12131.12988,23142860000,IXIC
2022-05-30,12137.54004,12320.12012,11901.42969,12012.73047,12012.73047,19266870000,IXIC
2022-06-06,12200.33008,12245.40039,11328.26953,11340.01953,11340.01953,24215310000,IXIC
2022-06-13,10986.84961,11244.25977,10565.13965,10798.34961,10798.34961,29151970000,IXIC
2022-06-20,10974.04981,11613.23047,10938.05957,11607.62012,11607.62012,25093570000,IXIC
2022-06-27,11661.01953,11677.49023,10850.00977,11127.84961,11127.84961,26490430000,IXIC
2022-07-04,10964.17969,11689.7002,10911.4502,11635.30957,11635.30957,19011360000,IXIC
2022-07-11,11524.49023,11541.09961,11005.92969,11452.41992,11452.41992,21822890000,IXIC
2022-07-18,11561.63965,12093.01953,11322.83984,11834.11035,11834.11035,25029210000,IXIC
2022-07-25,11837.95996,12426.25977,11533.37012,12390.69043,12390.69043,22911390000,IXIC
2022-08-01,12317.95996,12736.19043,12260.48047,12657.54981,12657.54981,25041480000,IXIC
2022-08-08,12703.71973,13047.19043,12438.86035,13047.19043,13047.19043,26139090000,IXIC
2022-08-15,12996.62988,13181.08984,12674.87012,12705.21973,12705.21973,23859110000,IXIC
2022-08-22,12523.16016,12538.54981,12353.73047,12381.57031,12381.57031,4242600000,IXIC
2017-08-21,87.300003,87.300003,82.900002,83.800003,83.800003,4300,HUV
2017-08-28,83,89.5,80.300003,81.099998,81.099998,5080,HUV
2017-09-04,84,89,82.699997,85.300003,85.300003,4480,HUV
2017-09-11,82.199997,82.199997,75.099998,75.199997,75.199997,5590,HUV
2017-09-18,74.5,74.5,71.5,72,72,6310,HUV
2017-09-25,72.199997,74.5,68.699997,68.699997,68.699997,5070,HUV
2017-10-02,67.5,67.5,65.099998,66.300003,66.300003,2500,HUV
2017-10-09,65.5,66.199997,61.5,61.799999,61.799999,1460,HUV
2017-10-16,61.5,63.099998,59.099998,59.200001,59.200001,3000,HUV
2017-10-23,58.900002,67.5,58.900002,59.900002,59.900002,3660,HUV
2017-10-30,60.900002,61.299999,58.799999,58.799999,58.799999,970,HUV
2017-11-06,58.700001,62.5,58.299999,60.700001,60.700001,2180,HUV
2017-11-13,62.200001,64.800003,60.099998,60.400002,60.400002,2640,HUV
2017-11-20,59.900002,59.900002,55,55.799999,55.799999,2570,HUV
2017-11-27,55.299999,63.099998,54.5,57.599998,57.599998,7420,HUV
2017-12-04,55,57.400002,53.099998,53.099998,53.099998,3870,HUV
2017-12-11,52.599998,52.799999,48.900002,49.299999,49.299999,6220,HUV
2017-12-18,48.5,49.299999,47.799999,48.5,48.5,2860,HUV
2017-12-25,47.799999,49,47.799999,49,49,2450,HUV
2018-01-01,48.299999,48.299999,45.5,46.200001,46.200001,2920,HUV
2018-01-08,46.200001,46.799999,44.900002,45.200001,45.200001,2320,HUV
2018-01-15,45.099998,48.5,44.700001,46.799999,46.799999,34700,HUV
2018-01-22,46.799999,49.200001,45.799999,48.400002,48.400002,5050,HUV
2018-01-29,49.599998,58.700001,49.5,57.700001,57.700001,15530,HUV
2018-02-05,61.200001,98.599998,56.5,88.5,88.5,77380,HUV
2018-02-12,85.400002,89,71,73.800003,73.800003,9940,HUV
2018-02-19,76.400002,79,70.900002,71.099998,71.099998,3780,HUV
2018-02-26,69,88.699997,68,79.300003,79.300003,6650,HUV
2018-03-05,81.099998,81.099998,67.5,67.5,67.5,4160,HUV
2018-03-12,68.5,74.099998,68.099998,68.800003,68.800003,4290,HUV
2018-03-19,70.800003,88,70.099998,87.599998,87.599998,12530,HUV
2018-03-26,81.800003,91.699997,81,83.300003,83.300003,7440,HUV
2018-04-02,86.5,94.5,82.400002,87.5,87.5,13560,HUV
2018-04-09,86.599998,88.199997,79.599998,81.800003,81.800003,5360,HUV
2018-04-16,78.199997,78.199997,70.099998,75.300003,75.300003,4210,HUV
2018-04-23,74.400002,80.599998,71.400002,73.800003,73.800003,10900,HUV
2018-04-30,72.099998,77.099998,69.5,70.800003,70.800003,10770,HUV
2018-05-07,70.5,71,63.5,63.5,63.5,5050,HUV
2018-05-14,62.799999,66,60.799999,62.400002,62.400002,7270,HUV
2018-05-21,60.5,63.299999,59.299999,60.5,60.5,6810,HUV
2018-05-28,60.200001,69.5,59.900002,62.400002,62.400002,10820,HUV
2018-06-04,61.099998,61.099998,56.799999,57.299999,57.299999,9530,HUV
2018-06-11,57.599998,57.599998,54.599998,55.799999,55.799999,11750,HUV
2018-06-18,57.900002,61.200001,55,58.5,58.5,27270,HUV
2018-06-25,60,71.199997,60,64.800003,64.800003,62870,HUV
2018-07-02,64.099998,68.800003,60.299999,60.5,60.5,12350,HUV
2018-07-09,58.299999,61.700001,55.299999,55.400002,55.400002,21950,HUV
2018-07-16,55,56.099998,53.5,55.099998,55.099998,19870,HUV
2018-07-23,55.099998,56.700001,53.099998,55.299999,55.299999,24350,HUV
2018-07-30,55.599998,57.400002,52.700001,53.400002,53.400002,35800,HUV
2018-08-06,51.400002,53.599998,49,52.599998,52.599998,46260,HUV
2018-08-13,53.5,60,51.400002,51.900002,51.900002,37140,HUV
2018-08-20,51,53.5,50.099998,50.799999,50.799999,25650,HUV
2018-08-27,50,53.200001,50,51,51,15760,HUV
2018-09-03,51.599998,55.900002,51.5,54.299999,54.299999,18660,HUV
2018-09-10,54,54,48,48,48,34050,HUV
2018-09-17,48.700001,50,46.400002,47,47,17960,HUV
2018-09-24,47.5,48.200001,45.799999,46.900002,46.900002,34560,HUV
2018-10-01,45.700001,52.700001,45.5,50,50,72470,HUV
2018-10-08,53.5,67.699997,49.900002,59.799999,59.799999,117770,HUV
2018-10-15,62.099998,63,56.400002,60.5,60.5,57320,HUV
2018-10-22,60.799999,73,60,70.400002,70.400002,95070,HUV
2018-10-29,68.800003,73.900002,62,64.699997,64.699997,77550,HUV
2018-11-05,64.099998,65.099998,55.700001,58,58,53520,HUV
2018-11-12,59.400002,68.5,57,61.900002,61.900002,43290,HUV
2018-11-19,62.900002,71,61.599998,68.5,68.5,61220,HUV
2018-11-26,66.800003,66.800003,60.299999,60.599998,60.599998,38770,HUV
2018-12-03,57,73.300003,56.200001,71,71,64690,HUV
2018-12-10,71.400002,74.5,66.800003,71.400002,71.400002,66180,HUV
2018-12-17,71.699997,83.800003,71,83,83,75890,HUV
2018-12-24,83.300003,91.5,83,86.400002,86.400002,26520,HUV
2018-12-31,82.800003,86.199997,77.099998,77.300003,77.300003,20630,HUV
2019-01-07,76.900002,77.599998,69.199997,69.400002,69.400002,32710,HUV
2019-01-14,70.199997,71.300003,64.199997,65.400002,65.400002,37090,HUV
2019-01-21,67.300003,74.900002,64.599998,65.800003,65.800003,43660,HUV
2019-01-28,68.199997,70.199997,61.599998,61.799999,61.799999,58320,HUV
2019-02-04,61.599998,63.5,58.200001,60.299999,60.299999,39870,HUV
2019-02-11,59.900002,61,57.099998,57.599998,57.599998,33050,HUV
2019-02-18,57.5,58.599998,53.900002,53.900002,53.900002,39880,HUV
2019-02-25,53,57.5,52,53,53,32290,HUV
2019-03-04,52.200001,61.900002,51.799999,58.400002,58.400002,72800,HUV
2019-03-11,58,58,49.900002,50.599998,50.599998,60950,HUV
2019-03-18,51.599998,56.799999,49.5,56.5,56.5,109830,HUV
2019-03-25,57,58.299999,51.5,51.700001,51.700001,110070,HUV
2019-04-01,50.799999,51.5,49.400002,49.5,49.5,44630,HUV
2019-04-08,50,51.099998,46.200001,46.299999,46.299999,49960,HUV
2019-04-15,45.900002,47.5,44.700001,44.900002,44.900002,40700,HUV
2019-04-22,45.299999,47.299999,43.799999,44.700001,44.700001,33870,HUV
2019-04-29,44.5,48.700001,44.5,44.799999,44.799999,65290,HUV
2019-05-06,50.400002,58.700001,47,50,50,244320,HUV
2019-05-13,55.5,57.400002,49,50.299999,50.299999,185930,HUV
2019-05-20,49.099998,52,47.5,50.099998,50.099998,79810,HUV
2019-05-27,49.900002,54.099998,49.099998,53.900002,53.900002,119760,HUV
2019-06-03,53.900002,55.299999,48.700001,49.599998,49.599998,115620,HUV
2019-06-10,48.799999,50.5,48.200001,48.200001,48.200001,62310,HUV
2019-06-17,48.200001,48.200001,44.5,47.200001,47.200001,54730,HUV
2019-06-24,46.5,48,45.5,45.5,45.5,40790,HUV
2019-07-01,43.700001,43.700001,41.299999,41.700001,41.700001,54470,HUV
2019-07-08,42.700001,43.900002,40.099998,40.099998,40.099998,35390,HUV
2019-07-15,40.099998,41.799999,39.400002,41.200001,41.200001,43190,HUV
2019-07-22,41.700001,41.700001,37.700001,38.200001,38.200001,49510,HUV
2019-07-29,38.400002,46.900002,38,45.200001,45.200001,137480,HUV
2019-08-05,47.5,52.900002,45.5,47.5,47.5,153740,HUV
2019-08-12,47.900002,54.599998,47.099998,49.5,49.5,146840,HUV
2019-08-19,47.700001,51.900002,44.299999,51,51,91880,HUV
2019-08-26,47.799999,52.299999,46.5,47.5,47.5,84350,HUV
2019-09-02,48.799999,50.099998,43.5,43.700001,43.700001,68030,HUV
2019-09-09,43.099998,44.400002,40.299999,40.700001,40.700001,78120,HUV
2019-09-16,42,42,38.5,41.099998,41.099998,81800,HUV
2019-09-23,41.400002,44.200001,39.5,43.099998,43.099998,103560,HUV
2019-09-30,43.099998,47.700001,40.700001,42.5,42.5,118230,HUV
2019-10-07,42.900002,46.200001,40,40.599998,40.599998,105280,HUV
2019-10-14,39.5,39.5,37.099998,37.400002,37.400002,98770,HUV
2019-10-21,37,37.700001,35,35,35,77730,HUV
2019-10-28,34.5,36,33.299999,33.400002,33.400002,72170,HUV
2019-11-04,32.5,34.5,32.5,32.900002,32.900002,42960,HUV
2019-11-11,33.400002,33.700001,30.6,30.6,30.6,65430,HUV
2019-11-18,30.700001,32.400002,30.4,30.5,30.5,46130,HUV
2019-11-25,30.200001,30.200001,28,28.799999,28.799999,54010,HUV
2019-12-02,28.299999,33.700001,28.299999,29.5,29.5,85690,HUV
2019-12-09,29.9,31.700001,27.299999,27.4,27.4,87880,HUV
2019-12-16,26.799999,26.9,25.1,26.4,26.4,56660,HUV
2019-12-23,26.5,27.1,26.299999,26.799999,26.799999,26260,HUV
2019-12-30,27,28.700001,25.6,26.9,26.9,79420,HUV
2020-01-06,28,28,24.6,24.9,24.9,81580,HUV
2020-01-13,24.6,24.799999,23.200001,23.5,23.5,58650,HUV
2020-01-20,23.6,25.6,23.1,25.1,25.1,88540,HUV
2020-01-27,27,29.4,25.5,28.6,28.6,582970,HUV
2020-02-03,27.799999,28.200001,24.700001,25.299999,25.299999,165790,HUV
2020-02-10,25.5,25.5,23.6,23.799999,23.799999,88740,HUV
2020-02-17,24.27,26.950001,23.74,26.280001,26.280001,561200,HUV
2020-02-24,28.940001,44.139999,28.870001,40.599998,40.599998,2647700,HUV
2020-03-02,39.450001,57.669998,37.25,52.75,52.75,2719500,HUV
2020-03-09,78,87.540001,51.689999,80,80,987600,HUV
2020-03-16,95.050003,149.809998,91.010002,107.800003,107.800003,1121100,HUV
2020-03-23,107,107,56.009998,89.620003,89.620003,513400,HUV
2020-03-30,89.690002,92,79.779999,80.779999,80.779999,600700,HUV
2020-04-06,75.099998,77.839996,72.790001,74.07,74.07,612800,HUV
2020-04-13,73.620003,75.580002,65.989998,69.589996,69.589996,519100,HUV
2020-04-20,73.419998,86.07,71.580002,74.620003,74.620003,1322500,HUV
2020-04-27,72.059998,75.169998,64.099998,73.209999,73.209999,785200,HUV
2020-05-04,75.980003,76.82,62.610001,62.639999,62.639999,577300,HUV
2020-05-11,64.32,76.699997,56.25,65.699997,65.699997,1835500,HUV
2020-05-18,61.689999,64.489998,59.799999,61.439999,61.439999,482300,HUV
2020-05-25,61,63.330002,58.57,59.610001,59.610001,627200,HUV
2020-06-01,61.040001,61.240002,51.259998,52.25,52.25,338400,HUV
2020-06-08,52.130001,81,52.060001,69.610001,69.610001,1094100,HUV
2020-06-15,76.25,82.18,63.049999,66.519997,66.519997,488100,HUV
2020-06-22,66.860001,69.379997,60.279999,67.550003,67.550003,353700,HUV
2020-06-29,66.5,68.279999,56,60.5,60.5,160400,HUV
2020-07-06,55.849998,62.259998,55.849998,58.049999,58.049999,315400,HUV
2020-07-13,57.389999,64.5,55.169998,55.169998,55.169998,273700,HUV
2020-07-20,54.720001,56.639999,50.799999,54.459999,54.459999,308500,HUV
2020-07-27,53.779999,56.380001,50.959999,51.5,51.5,318900,HUV
2020-08-03,51.099998,51.099998,47.450001,48,48,240300,HUV
2020-08-10,47.169998,48.93,45,46,46,268200,HUV
2020-08-17,45.16,46.66,43.369999,44.41,44.41,332800,HUV
2020-08-24,43.259998,49.98,42.720001,46.169998,46.169998,501500,HUV
2020-08-31,47.200001,61.5,46.5,52.450001,52.450001,1158500,HUV
2020-09-07,57.459999,57.459999,46.080002,46.080002,46.080002,511300,HUV
2020-09-14,45.529999,46.599998,42.810001,44.029999,44.029999,451700,HUV
2020-09-21,45.98,48.77,45.189999,46.130001,46.130001,460100,HUV
2020-09-28,45.459999,47.619999,43.93,46.5,46.5,281200,HUV
2020-10-05,46.130001,46.580002,40.279999,40.299999,40.299999,281600,HUV
2020-10-12,40.130001,41.740002,39.040001,40.18,40.18,199400,HUV
2020-10-19,40.009998,42.27,39.75,40.029999,40.029999,264600,HUV
2020-10-26,41.099998,50.25,40.799999,48.040001,48.040001,690300,HUV
2020-11-02,46.900002,47.459999,37.189999,37.299999,37.299999,381700,HUV
2020-11-09,33.650002,37.560001,33.110001,34.380001,34.380001,394500,HUV
2020-11-16,33.669998,34.900002,32.48,33.619999,33.619999,275900,HUV
2020-11-23,33.25,33.900002,30.99,31.75,31.75,149800,HUV
2020-11-30,31.75,32.779999,30.65,30.969999,30.969999,178000,HUV
2020-12-07,31.290001,33.43,29.5,32.650002,32.650002,208400,HUV
2020-12-14,31.51,33.360001,30.1,30.98,30.98,186400,HUV
2020-12-21,34.689999,35.25,30.6,30.620001,30.620001,212200,HUV
2020-12-28,30,32.080002,29.870001,30.33,30.33,162800,HUV
2021-01-04,30.33,34.02,29.48,29.629999,29.629999,413500,HUV
2021-01-11,30.790001,31.74,29.34,31.02,31.02,402700,HUV
2021-01-18,31.1,31.1,29.35,29.700001,29.700001,903500,HUV
2021-01-25,29.889999,39.560001,29.879999,38.099998,38.099998,939800,HUV
2021-02-01,37.009998,38.59,29.860001,29.93,29.93,463900,HUV
2021-02-08,29.799999,31.139999,28.57,28.620001,28.620001,532900,HUV
2021-02-15,28.73,29.799999,27.15,27.389999,27.389999,507400,HUV
2021-02-22,28.43,31.42,26.299999,29.02,29.02,1414600,HUV
2021-03-01,27.33,30.860001,26.66,27.530001,27.530001,1314600,HUV
2021-03-08,27.459999,28.18,25.41,25.41,25.41,647500,HUV
2021-03-15,25.360001,25.459999,22.9,23.24,23.24,687100,HUV
2021-03-22,23.01,24.24,21.15,21.379999,21.379999,941700,HUV
2021-03-29,21.360001,22.52,19.969999,20.120001,20.120001,1113500,HUV
2021-04-05,19.85,19.85,18.49,18.719999,18.719999,841100,HUV
2021-04-12,18.77,19.26,17.73,17.879999,17.879999,1491100,HUV
2021-04-19,18.030001,19.58,17.809999,18.309999,18.309999,2495900,HUV
2021-04-26,18.08,18.459999,17.360001,18.34,18.34,450500,HUV
2021-05-03,17.83,19.33,16.700001,16.700001,16.700001,866600,HUV
2021-05-10,16.73,22.75,16.440001,17.6,17.6,1997000,HUV
2021-05-17,17.959999,21.120001,17.52,18.030001,18.030001,1668200,HUV
2021-05-24,16.879999,17.5,15.39,15.82,15.82,962500,HUV
2021-05-31,15.84,16.5,15.18,15.26,15.26,843600,HUV
2021-06-07,15.24,15.48,13.97,14.04,14.04,936900,HUV
2021-06-14,14.02,15.91,14,15.85,15.85,2501400,HUV
2021-06-21,15.38,15.73,13.34,13.34,13.34,1054600,HUV
2021-06-28,13.03,13.77,12.82,13.19,13.19,561300,HUV
2021-07-05,13.29,14.82,12.95,13.46,13.46,1453600,HUV
2021-07-12,13.49,13.99,13.05,13.98,13.98,1504700,HUV
2021-07-19,14.9,16.950001,13.64,13.88,13.88,1573200,HUV
2021-07-26,14.08,14.85,13.44,13.9,13.9,1358700,HUV
2021-08-02,14.02,14.56,12.97,12.97,12.97,791100,HUV
2021-08-09,12.98,13.09,11.82,12.03,12.03,671800,HUV
2021-08-16,12.36,14.16,12.08,12.72,12.72,2135800,HUV
2021-08-23,12.25,12.66,11.79,11.88,11.88,1571400,HUV
2021-08-30,11.75,11.92,11.26,11.5,11.5,939300,HUV
2021-09-06,11.55,12.47,11.45,12.47,12.47,2026100,HUV
2021-09-13,12,12.55,11.44,12.3,12.3,3436400,HUV
2021-09-20,13.34,14.88,11.3,11.3,11.3,4204100,HUV
2021-09-27,11.4,13.17,11.21,12.38,12.38,3777800,HUV
2021-10-04,12.39,13.1,11.34,11.41,11.41,2382700,HUV
2021-10-11,11.36,11.57,10.23,10.51,10.51,1380100,HUV
2021-10-18,10.67,10.68,9.7,9.98,9.98,1290900,HUV
2021-10-25,9.95,10.14,9.57,9.85,9.85,1243500,HUV
2021-11-01,9.77,10.07,8.97,9.59,9.59,1445300,HUV
2021-11-08,9.45,10.17,9.36,9.37,9.37,2416400,HUV
2021-11-15,9.27,9.75,9.15,9.65,9.65,1442800,HUV
2021-11-22,9.42,12.11,9.4,11.83,11.83,2108200,HUV
2021-11-29,10.21,13.9,9.98,13.01,13.01,3682400,HUV
2021-12-06,12.44,12.86,9.6,9.6,9.6,2861700,HUV
2021-12-13,9.69,10.63,9.23,10.15,10.15,6063700,HUV
2021-12-20,11.06,11.49,9.25,9.46,9.46,2263300,HUV
2021-12-27,8.97,9.23,8.49,8.58,8.58,1067100,HUV
2022-01-03,8.27,9.19,8.14,8.7,8.7,2125300,HUV
2022-01-10,9.01,9.52,8.02,8.52,8.52,4918000,HUV
2022-01-17,8.62,10.74,8.35,10.71,10.71,5756200,HUV
2022-01-24,11.62,12.89,10.1,10.64,10.64,8717500,HUV
2022-01-31,10.73,10.81,8.96,9.72,9.72,3114500,HUV
2022-02-07,9.57,11.05,8.67,10.75,10.75,4114200,HUV
2022-02-14,10.8,11.48,9.49,10.89,10.89,3674600,HUV
2022-02-21,11.49,12.84,10.49,10.64,10.64,2796400,HUV
2022-02-28,11.32,12.66,10.93,12.14,12.14,2960500,HUV
2022-03-07,12.2,13.61,11.61,12.26,12.26,2436700,HUV
2022-03-14,12.11,13.1,10.23,10.25,10.25,3686200,HUV
2022-03-21,10.23,10.57,9.47,9.48,9.48,1239800,HUV
2022-03-28,9.68,9.96,8.83,9.12,9.12,1414000,HUV
2022-04-04,9.06,10.1,8.66,9.3,9.3,2547800,HUV
2022-04-11,9.53,9.97,8.96,9.48,9.48,1913500,HUV
2022-04-18,9.57,10.54,8.48,10.47,10.47,3346500,HUV
2022-04-25,10.57,11.86,10.18,11.81,11.81,4659200,HUV
2022-05-02,11.87,12.52,9.86,11.53,11.53,2868100,HUV
2022-05-09,12.17,12.6,11.02,11.03,11.03,2875000,HUV
2022-05-16,10.96,12.08,10.16,11.07,11.07,2010800,HUV
2022-05-23,11.14,11.49,10.21,10.21,10.21,876000,HUV
2022-05-30,10.19,10.66,9.61,9.89,9.89,1495500,HUV
2022-06-06,9.7,10.77,9.44,10.55,10.55,2063800,HUV
2022-06-13,11.5,12.13,10.6,11.31,11.31,2418800,HUV
2022-06-20,11.1,11.38,10.29,10.46,10.46,1062500,HUV
2022-06-27,10.35,10.95,9.92,10.5,10.5,776400,HUV
2022-07-04,10.4,10.92,9.71,9.78,9.78,1411200,HUV
2022-07-11,9.95,10.48,9.5,9.51,9.51,1635900,HUV
2022-07-18,9.44,9.85,9.1,9.12,9.12,1459500,HUV
2022-07-25,9.13,9.39,8.36,8.43,8.43,1308500,HUV
2022-08-01,8.8,8.97,8.18,8.2,8.2,933800,HUV
2022-08-08,8.19,8.39,7.61,7.8,7.8,1357600,HUV
2022-08-15,7.9,8.07,7.54,7.93,7.93,1536700,HUV
2017-08-21,243.570007,245.619995,243.550003,244.559998,224.231689,228531500,SPY
2017-08-28,245.169998,248.330002,242.929993,247.839996,227.239044,319543000,SPY
2017-09-04,247.259995,247.520004,244.949997,246.580002,226.083801,271183200,SPY
2017-09-11,248.039993,250.320007,248.020004,249.190002,228.476822,378367500,SPY
2017-09-18,249.610001,250.190002,248.919998,249.440002,229.841095,252342800,SPY
2017-09-25,249.149994,251.320007,248.080002,251.229996,231.490433,322504600,SPY
2017-10-02,251.490005,254.699997,251.289993,254.369995,234.383682,325955600,SPY
2017-10-09,254.630005,255.270004,253.649994,254.949997,234.918106,228400300,SPY
2017-10-16,255.210007,257.140015,254.350006,257.109985,236.908371,261751200,SPY
2017-10-23,257.480011,257.890015,254,257.709991,237.461273,389927000,SPY
2017-10-30,256.470001,258.5,256.190002,258.450012,238.143143,284832400,SPY
2017-11-06,258.299988,259.350006,256.359985,258.089996,237.811386,312694600,SPY
2017-11-13,257.309998,259.040009,255.630005,257.859985,237.599472,335889100,SPY
2017-11-20,258.140015,260.480011,257.859985,260.359985,239.903046,190142200,SPY
2017-11-27,260.410004,266.049988,260,264.459991,243.680893,521044000,SPY
2017-12-04,266.309998,266.799988,262.709991,265.51001,244.648438,401716200,SPY
2017-12-11,266.309998,267.559998,265.390015,266.51001,245.569824,516455700,SPY
2017-12-18,268.100006,268.600006,266.690002,267.51001,247.751236,388541200,SPY
2017-12-25,267.049988,268.549988,266.640015,266.859985,247.149185,244118900,SPY
2018-01-01,267.839996,273.559998,267.399994,273.420013,253.224625,340886500,SPY
2018-01-08,273.309998,278.109985,272.920013,277.920013,257.392273,337325100,SPY
2018-01-15,279.350006,280.410004,276.179993,280.410004,259.698395,461462000,SPY
2018-01-22,280.170013,286.630005,280.109985,286.579987,265.412659,515553600,SPY
2018-01-29,285.929993,286.429993,275.410004,275.450012,255.104706,593556800,SPY
2018-02-05,273.450012,275.850006,252.919998,261.5,242.185074,1347099500,SPY
2018-02-12,263.829987,275.320007,261.660004,273.109985,252.937607,617315700,SPY
2018-02-19,272.029999,274.720001,269.640015,274.709991,254.419388,388531100,SPY
2018-02-26,275.929993,278.920013,264.820007,269.079987,249.205231,623436700,SPY
2018-03-05,267.730011,278.869995,267.609985,278.869995,258.272064,444110600,SPY
2018-03-12,279.200012,280.410004,274.140015,274.200012,253.947098,453565500,SPY
2018-03-19,273.350006,274.399994,257.829987,258.049988,239.947083,579996000,SPY
2018-03-26,262.130005,266.769989,258.579987,263.149994,244.689301,529951400,SPY
2018-04-02,262.549988,266.640015,254.669998,259.720001,241.499954,692132300,SPY
2018-04-09,261.369995,267.540009,259.940002,265.149994,246.548965,454081800,SPY
2018-04-16,267,271.299988,265.609985,266.609985,247.906555,363000200,SPY
2018-04-23,267.26001,267.980011,260.850006,266.559998,247.860077,407069900,SPY
2018-04-30,267.26001,267.890015,259.049988,266.019989,247.357925,470288200,SPY
2018-05-07,266.890015,273.149994,265.149994,272.850006,253.708817,314405600,SPY
2018-05-14,273.339996,274.079987,270.029999,271.329987,252.295486,316673700,SPY
2018-05-21,273.01001,274.25,270.779999,272.149994,253.057907,308105100,SPY
2018-05-28,270.309998,273.940002,267.76001,273.600006,254.406235,350365300,SPY
2018-06-04,274.529999,278.279999,274.179993,278.190002,258.674194,304361500,SPY
2018-06-11,278.440002,279.480011,275.350006,277.130005,257.688538,407431300,SPY
2018-06-18,275.48999,276.720001,273.529999,274.73999,256.613373,330194500,SPY
2018-06-25,273.440002,273.869995,268.48999,271.279999,253.381668,485755300,SPY
2018-07-02,269.51001,275.839996,269.23999,275.420013,257.248535,229161500,SPY
2018-07-09,276.549988,279.929993,276.5,279.589996,261.143341,287912600,SPY
2018-07-16,279.640015,281.179993,278.410004,279.679993,261.227509,288859800,SPY
2018-07-23,279.450012,284.369995,279.059998,281.420013,262.852753,328645600,SPY
2018-07-30,281.51001,283.660004,279.160004,283.600006,264.888855,303528100,SPY
2018-08-06,283.640015,286.01001,282.359985,283.160004,264.477905,237505100,SPY
2018-08-13,283.470001,285.559998,280.160004,285.059998,266.252502,348086700,SPY
2018-08-20,285.570007,287.670013,285.059998,287.51001,268.540924,258765100,SPY
2018-08-27,288.859985,291.73999,288.679993,290.309998,271.156067,292871700,SPY
2018-09-03,289.839996,290.209991,286.709991,287.600006,268.624969,269481500,SPY
2018-09-10,288.73999,291.269989,286.980011,290.880005,271.688507,266666300,SPY
2018-09-17,290.820007,293.940002,289.029999,291.98999,272.72525,385095300,SPY
2018-09-24,291.339996,292.23999,289.410004,290.720001,272.76825,306860200,SPY
2018-10-01,292.109985,293.209991,286.220001,287.820007,270.047363,391529300,SPY
2018-10-08,287.049988,288.859985,270.359985,275.950012,258.910309,834839200,SPY
2018-10-15,275.549988,281.149994,274.299988,276.25,259.191803,605604600,SPY
2018-10-22,277,277.359985,262.290009,265.329987,248.946091,746211300,SPY
2018-10-29,268.799988,275.230011,259.850006,271.890015,255.101028,668290500,SPY
2018-11-05,272.440002,281.220001,271.350006,277.76001,260.608551,392858000,SPY
2018-11-12,277.190002,277.459991,267.01001,273.730011,256.827484,584955500,SPY
2018-11-19,273.049988,273.380005,263.070007,263.25,246.994568,357454600,SPY
2018-11-26,265.779999,276.279999,265.339996,275.649994,258.628876,463664000,SPY
2018-12-03,280.279999,280.399994,262.440002,263.570007,247.294739,646366600,SPY
2018-12-10,263.369995,269,258.619995,260.470001,244.386169,584550800,SPY
2018-12-17,259.399994,260.649994,239.979996,240.699997,225.836975,1022399200,SPY
2018-12-24,239.039993,251.399994,233.759995,247.75,233.809067,705164500,SPY
2018-12-31,249.559998,253.110001,243.669998,252.389999,238.187988,557994100,SPY
2019-01-07,252.690002,259.160004,251.690002,258.980011,244.40715,471340300,SPY
2019-01-14,256.859985,266.980011,256.410004,266.459991,251.466232,457771900,SPY
2019-01-21,264.820007,266.700012,260.660004,265.779999,250.824524,357649000,SPY
2019-01-28,263.390015,271.200012,261.790009,270.059998,254.863693,434018300,SPY
2019-02-04,270.109985,273.440002,267.829987,270.470001,255.250595,369916300,SPY
2019-02-11,271.200012,277.410004,270.029999,277.369995,261.76236,385891900,SPY
2019-02-18,276.480011,279.359985,276.350006,279.140015,263.43277,278060900,SPY
2019-02-25,280.730011,281.309998,277.480011,280.420013,264.640778,330945200,SPY
2019-03-04,281.600006,281.869995,272.420013,274.459991,259.016083,421329900,SPY
2019-03-11,275.26001,282.380005,275.230011,281.309998,265.480652,374233000,SPY
2019-03-18,281.549988,285.179993,279.179993,279.25,264.697388,439286800,SPY
2019-03-25,278.869995,282.839996,277.640015,282.480011,267.759064,364351100,SPY
2019-04-01,284.700012,288.630005,284.399994,288.570007,273.531677,293550700,SPY
2019-04-08,288.100006,290.470001,286.700012,290.160004,275.038818,297131000,SPY
2019-04-15,290.23999,291.429993,288.660004,290.019989,274.906097,228726700,SPY
2019-04-22,289.170013,293.48999,289.070007,293.410004,278.119446,251486900,SPY
2019-04-29,293.51001,294.950012,289.519989,294.029999,278.707153,331555200,SPY
2019-05-06,289.25,293.309998,282.299988,288.100006,273.086212,559396700,SPY
2019-05-13,282.420013,289.209991,279.929993,285.839996,270.943909,455352700,SPY
2019-05-20,284.059998,286.929993,280.570007,282.779999,268.043427,313209100,SPY
2019-05-27,283.089996,284.149994,275.23999,275.269989,260.924774,324388900,SPY
2019-06-03,275.309998,288.850006,273.089996,287.649994,272.659607,388532200,SPY
2019-06-10,289.369995,291.399994,287.820007,289.26001,274.185669,267806600,SPY
2019-06-17,289.519989,296.309998,289.179993,294,278.678711,403194400,SPY
2019-06-24,294.230011,294.579987,290.350006,293,279.081635,280902400,SPY
2019-07-01,296.679993,298.820007,294.329987,298.459991,284.282227,232786300,SPY
2019-07-08,297.01001,300.730011,295.480011,300.649994,286.368164,236543700,SPY
2019-07-15,301.130005,301.130005,296.700012,297.170013,283.053558,216657600,SPY
2019-07-22,297.609985,302.230011,297.040009,302.01001,287.663635,235894000,SPY
2019-07-29,301.880005,302.01001,290.899994,292.619995,278.719666,447617000,SPY
2019-08-05,288.089996,293.619995,281.720001,291.619995,277.767151,621473300,SPY
2019-08-12,289.959991,294.149994,282.390015,288.850006,275.128723,478024400,SPY
2019-08-19,292.190002,293.929993,283.470001,284.850006,271.318726,355520800,SPY
2019-08-26,287.269989,294.23999,285.25,292.450012,278.55777,319590000,SPY
2019-09-02,290.570007,298.829987,289.269989,298.049988,283.891663,248831100,SPY
2019-09-09,299.140015,302.459991,295.970001,301.089996,286.787354,313042000,SPY
2019-09-16,299.839996,302.630005,297.410004,298.279999,284.110809,339168000,SPY
2019-09-23,297.549988,299.839996,293.690002,295.399994,282.666931,351126500,SPY
2019-09-30,295.970001,298.459991,284.820007,294.350006,281.662201,412814300,SPY
2019-10-07,293.470001,298.73999,288.48999,296.279999,283.509033,371694700,SPY
2019-10-14,295.929993,300.23999,295.570007,297.970001,285.12619,246118100,SPY
2019-10-21,299.420013,302.200012,298.5,301.600006,288.599701,202654000,SPY
2019-10-28,302.940002,306.190002,301.730011,306.140015,292.944,276271100,SPY
2019-11-04,307.850006,309.649994,306.059998,308.940002,295.623291,253331600,SPY
2019-11-11,307.420013,311.839996,307.269989,311.790009,298.350525,249443100,SPY
2019-11-18,311.529999,312.690002,309.059998,310.959991,297.556213,295953800,SPY
2019-11-25,311.980011,315.480011,311.980011,314.309998,300.761841,167253500,SPY
2019-12-02,314.589996,315.309998,307.130005,314.869995,301.297729,288425500,SPY
2019-12-09,314.440002,318.670013,312.809998,317.320007,303.642151,318810900,SPY
2019-12-16,319.220001,321.970001,317.25,320.730011,306.905151,424433000,SPY
2019-12-23,321.589996,323.799988,320.899994,322.859985,310.462189,146700000,SPY
2019-12-30,322.950012,324.890015,320.149994,322.410004,310.029541,243667300,SPY
2020-01-06,320.48999,327.459991,320.359985,325.709991,313.20282,265948900,SPY
2020-01-13,326.390015,332.179993,325.920013,331.950012,319.203186,331872500,SPY
2020-01-20,330.899994,332.950012,327.359985,328.769989,316.145264,266198700,SPY
2020-01-27,323.029999,328.630005,320.730011,321.730011,309.375671,391122800,SPY
2020-02-03,323.350006,334.190002,323.220001,332.200012,319.443573,312106400,SPY
2020-02-10,331.230011,338.119995,331.190002,337.600006,324.636261,260011300,SPY
2020-02-17,336.51001,339.079987,332.579987,333.480011,320.674408,293992500,SPY
2020-02-24,323.140015,333.559998,285.540009,296.26001,284.883698,1244104700,SPY
2020-03-02,298.209991,313.839996,290.230011,297.459991,286.037598,1130490100,SPY
2020-03-09,275.299988,288.519989,247.679993,269.320007,258.978149,1562964500,SPY
2020-03-16,241.179993,256.899994,228.020004,228.800003,220.01413,1523388400,SPY
2020-03-23,228.190002,262.799988,218.259995,253.419998,245.121658,1342924000,SPY
2020-03-30,255.699997,263.329987,243.899994,248.190002,240.062927,869026800,SPY
2020-04-06,257.839996,281.200012,248.169998,278.200012,269.090302,733262100,SPY
2020-04-13,277.140015,287.299988,271.410004,286.640015,277.253876,649240600,SPY
2020-04-20,282.609985,286.790009,272.019989,282.970001,273.704041,509219500,SPY
2020-04-27,285.119995,294.880005,281.519989,282.790009,273.529968,549993900,SPY
2020-05-04,280.73999,292.950012,279.130005,292.440002,282.863922,385778500,SPY
2020-05-11,290.339996,294.23999,272.98999,286.279999,276.90564,553230300,SPY
2020-05-18,293.049988,297.869995,291.950012,295.440002,285.765778,443006900,SPY
2020-05-25,301.929993,306.839996,295.459991,304.320007,294.354919,403264800,SPY
2020-06-01,303.619995,321.269989,303.059998,319.339996,308.883118,448912200,SPY
2020-06-08,320.220001,323.410004,298.600006,304.209991,294.248505,650043700,SPY
2020-06-15,298.019989,315.640015,296.73999,308.640015,298.533539,573187400,SPY
2020-06-22,307.98999,314.5,299.420013,300.049988,291.501923,493363100,SPY
2020-06-29,301.410004,315.700012,298.929993,312.230011,303.33493,334908800,SPY
2020-07-06,316.369995,317.880005,310.679993,317.589996,308.542206,340167000,SPY
2020-07-13,320.130005,323.040009,312,321.720001,312.554596,401248400,SPY
2020-07-20,321.429993,327.230011,319.25,320.880005,311.738495,320898500,SPY
2020-07-27,321.630005,326.630005,319.640015,326.519989,317.217773,301090700,SPY
2020-08-03,328.320007,334.880005,327.730011,334.570007,325.038513,238681200,SPY
2020-08-10,335.059998,338.279999,332.01001,336.839996,327.243744,256734100,SPY
2020-08-17,337.940002,339.720001,335.220001,339.480011,329.808563,239583500,SPY
2020-08-24,342.119995,350.720001,339.450012,350.579987,340.592346,244465300,SPY
2020-08-31,350.350006,358.75,334.869995,342.570007,332.810577,477715300,SPY
2020-09-07,336.709991,342.640015,331,334.059998,324.542999,381177300,SPY
2020-09-14,337.48999,343.059998,327.970001,330.649994,321.230133,398023800,SPY
2020-09-21,325.700012,331.200012,319.799988,328.730011,320.64328,403925800,SPY
2020-09-28,333.220001,338.73999,331.190002,333.839996,325.627533,398099500,SPY
2020-10-05,336.059998,347.350006,334.380005,346.850006,338.317474,297612700,SPY
2020-10-12,349.589996,354.019989,343.130005,347.290009,338.746704,361231500,SPY
2020-10-19,348.649994,349.329987,340.649994,345.779999,337.273834,296595700,SPY
2020-10-26,342.130005,342.980011,322.600006,326.540009,318.507141,495446400,SPY
2020-11-02,330.200012,352.190002,327.23999,350.160004,341.546082,463334900,SPY
2020-11-09,363.970001,364.380005,350.51001,358.100006,349.290771,446943600,SPY
2020-11-16,360.980011,362.779999,354.149994,355.329987,346.588928,341601600,SPY
2020-11-23,357.279999,364.179993,354.869995,363.670013,354.723755,199491500,SPY
2020-11-30,362.829987,369.850006,359.170013,369.850006,360.75174,317663000,SPY
2020-12-07,369.019989,371.049988,363.26001,366.299988,357.289001,280935500,SPY
2020-12-14,368.640015,372.459991,364.470001,369.179993,360.098175,392163800,SPY
2020-12-21,364.970001,378.459991,362.029999,369,361.456879,216995000,SPY
2020-12-28,371.73999,374.660004,370.829987,373.880005,366.237091,220656900,SPY
2021-01-04,375.309998,381.48999,364.820007,381.26001,373.466248,425078700,SPY
2021-01-11,377.850006,381.130005,373.700012,375.700012,368.019928,306035100,SPY
2021-01-18,378.339996,384.950012,376.75,382.880005,375.053131,213770000,SPY
2021-01-25,383.670013,385.850006,368.269989,370.070007,362.504974,457381600,SPY
2021-02-01,373.720001,388.470001,370.380005,387.709991,379.784363,288507800,SPY
2021-02-08,389.269989,392.899994,387.5,392.640015,384.613586,226577300,SPY
2021-02-15,393.959991,394.170013,387.73999,390.029999,382.056946,246216800,SPY
2021-02-22,387.059998,392.230011,378.230011,380.359985,372.584625,546504300,SPY
2021-03-01,385.589996,390.920013,371.880005,383.630005,375.787781,640356900,SPY
2021-03-08,384.660004,395.649994,381.420013,394.059998,386.004578,497580800,SPY
2021-03-15,394.329987,398.119995,387.149994,389.480011,381.518188,474082600,SPY
2021-03-22,390.029999,396.410004,383.899994,395.980011,389.155762,492591500,SPY
2021-03-29,394.399994,400.670013,392.809998,400.609985,393.705963,396786900,SPY
2021-04-05,403.459991,411.670013,403.380005,411.48999,404.398407,328509800,SPY
2021-04-12,410.850006,417.910004,410.200012,417.26001,410.069,317182900,SPY
2021-04-19,416.26001,418.25,410.589996,416.73999,409.557953,397935300,SPY
2021-04-26,417.440002,420.720001,416.299988,417.299988,410.108307,318795700,SPY
2021-05-03,419.429993,422.820007,411.670013,422.119995,414.845245,371936900,SPY
2021-05-10,422.5,422.73999,404,416.579987,409.400726,522147000,SPY
2021-05-17,415.390015,418.200012,405.329987,414.940002,407.789001,386007400,SPY
2021-05-24,417.339996,421.25,417.079987,420.040009,412.801056,267144600,SPY
2021-05-31,422.570007,422.920013,416.279999,422.600006,415.316986,217391300,SPY
2021-06-07,422.589996,424.630005,420.320007,424.309998,416.997528,243716500,SPY
2021-06-14,424.429993,425.459991,414.700012,414.920013,407.769348,383879100,SPY
2021-06-21,416.799988,427.089996,415.929993,426.609985,420.629486,283207500,SPY
2021-06-28,427.170013,434.100006,425.890015,433.720001,427.639801,265096700,SPY
2021-07-05,433.779999,435.839996,427.519989,435.519989,429.414581,306093700,SPY
2021-07-12,435.429993,437.920013,430.920013,431.339996,425.293152,300932400,SPY
2021-07-19,426.190002,440.299988,421.970001,439.940002,433.772644,423964700,SPY
2021-07-26,439.309998,441.799988,435.98999,438.51001,432.362671,279975200,SPY
2021-08-02,440.339996,442.940002,436.100006,442.48999,436.286865,249469100,SPY
2021-08-09,442.459991,445.940002,441.309998,445.920013,439.668823,206975900,SPY
2021-08-16,444.529999,447.109985,436.119995,443.359985,437.144714,420586700,SPY
2021-08-23,445.160004,450.649994,443.440002,450.25,443.93811,269312100,SPY
2021-08-30,450.970001,454.049988,450.709991,453.079987,446.728424,246050500,SPY
2021-09-06,452.709991,452.809998,445.309998,445.440002,439.195557,255772000,SPY
2021-09-13,448.640015,448.920013,441.019989,441.399994,435.212158,436939600,SPY
2021-09-20,434.880005,444.890015,428.859985,443.910004,439.089203,499812500,SPY
2021-09-27,442.809998,444.049988,427.230011,434.23999,429.5242,543882700,SPY
2021-10-04,433,441.679993,426.359985,437.859985,433.104858,479279600,SPY
2021-10-11,437.160004,446.26001,431.540009,445.869995,441.027863,345885500,SPY
2021-10-18,443.970001,454.670013,443.269989,453.119995,448.199158,258932100,SPY
2021-10-25,454.279999,459.559998,452.390015,459.25,454.262573,295327900,SPY
2021-11-01,460.299988,470.649994,458.200012,468.529999,463.441833,269089500,SPY
2021-11-08,469.700012,470.230011,462.040009,467.269989,462.195496,259299200,SPY
2021-11-15,468.640015,470.940002,466.230011,468.890015,463.797913,251637500,SPY
2021-11-22,470.890015,473.540009,457.769989,458.970001,453.985626,320496900,SPY
2021-11-29,464.070007,466.559998,448.920013,453.420013,448.495911,631737000,SPY
2021-12-06,456.130005,470.899994,453.559998,470.73999,465.627777,405133400,SPY
2021-12-13,470.190002,472.869995,458.059998,459.869995,454.875854,553968300,SPY
2021-12-20,454.480011,472.190002,451.140015,470.600006,467.124725,292271000,SPY
2021-12-27,472.059998,479,472.01001,474.959991,471.452484,279152600,SPY
2022-01-03,476.299988,479.980011,464.649994,466.089996,462.648041,420356300,SPY
2022-01-10,462.700012,473.200012,456.600006,464.720001,461.288147,448334500,SPY
2022-01-17,459.73999,459.959991,437.950012,437.980011,434.745605,543717600,SPY
2022-01-24,432.029999,444.040009,420.76001,441.950012,438.68631,920508000,SPY
2022-01-31,441.23999,458.119995,439.809998,448.700012,445.386444,629246600,SPY
2022-02-07,449.51001,457.880005,438.940002,440.459991,437.207275,551393100,SPY
2022-02-14,439.920013,448.059998,431.820007,434.230011,431.023315,531254600,SPY
2022-02-21,431.890015,437.839996,410.640015,437.75,434.517303,592717200,SPY
2022-02-28,432.029999,441.109985,427.109985,432.170013,428.978516,620607300,SPY
2022-03-07,431.549988,432.299988,415.119995,420.070007,416.967896,609269100,SPY
2022-03-14,420.890015,444.859985,415.790009,444.519989,441.237305,555925500,SPY
2022-03-21,444.339996,452.980011,440.679993,452.690002,450.74292,384264500,SPY
2022-03-28,452.059998,462.070007,449.140015,452.920013,450.971954,445526900,SPY
2022-04-04,453.130005,457.829987,443.470001,447.570007,445.644958,398083400,SPY
2022-04-11,444.109985,445.75,436.649994,437.790009,435.907013,346074000,SPY
2022-04-18,436.809998,450.01001,425.440002,426.040009,424.20755,426937000,SPY
2022-04-25,423.670013,429.640015,411.209991,412,410.227936,596614200,SPY
2022-05-02,412.070007,429.660004,405.019989,411.339996,409.57077,727288500,SPY
2022-05-09,405.100006,406.410004,385.149994,401.720001,399.992157,659709500,SPY
2022-05-16,399.980011,408.570007,380.540009,389.630005,387.954163,509269500,SPY
2022-05-23,392.829987,415.380005,386.959991,415.26001,413.473907,426273600,SPY
2022-05-30,413.549988,417.440002,406.929993,410.540009,408.774231,334006700,SPY
2022-06-06,414.779999,416.609985,389.75,389.799988,388.123413,400315000,SPY
2022-06-13,379.850006,383.899994,362.170013,365.859985,364.286377,645270700,SPY
2022-06-20,371.890015,390.089996,370.179993,390.079987,390.079987,344213700,SPY
2022-06-27,391.049988,393.160004,372.559998,381.23999,381.23999,405582500,SPY
2022-07-04,375.880005,390.640015,372.899994,388.670013,388.670013,288787900,SPY
2022-07-11,385.850006,386.869995,371.040009,385.130005,385.130005,373575900,SPY
2022-07-18,388.380005,400.179993,380.660004,395.089996,395.089996,350654600,SPY
2022-07-25,395.75,413.029999,389.950012,411.98999,411.98999,349807800,SPY
2022-08-01,409.149994,415.679993,406.820007,413.470001,413.470001,303665700,SPY
2022-08-08,415.25,427.209991,410.220001,427.100006,427.100006,288617900,SPY
2022-08-15,424.769989,431.730011,421.220001,422.140015,422.140015,293858600,SPY
2022-08-22,417.049988,417.230011,412.399994,413.350006,413.350006,77695600,SPY
2017-08-21,217.410004,218.929993,217.300003,218.039993,197.085617,10391100,DIA
2017-08-28,218.5,220.410004,216.619995,219.919998,198.784943,9565600,DIA
2017-09-04,219.529999,219.529999,217.179993,218.240005,197.266434,9862700,DIA
2017-09-11,219.580002,222.570007,219.580002,222.449997,201.071854,11084400,DIA
2017-09-18,222.919998,223.970001,222.669998,223.199997,202.166183,9879800,DIA
2017-09-25,223.110001,223.869995,221.990005,223.820007,202.727753,10418900,DIA
2017-10-02,224.190002,227.660004,224.020004,227.550003,206.106308,11216900,DIA
2017-10-09,227.889999,228.970001,227.339996,228.729996,207.175064,6899700,DIA
2017-10-16,229.070007,233.130005,228.809998,233.130005,211.160446,12513000,DIA
2017-10-23,233.580002,234.699997,232.350006,234.169998,212.270126,14964600,DIA
2017-10-30,233.520004,235.389999,233.149994,235.179993,213.185699,12154000,DIA
2017-11-06,235.229996,235.880005,233.160004,234.429993,212.505783,13204300,DIA
2017-11-13,233.660004,235.279999,232.649994,233.389999,211.56311,14259200,DIA
2017-11-20,233.660004,236.059998,233.419998,235.470001,213.96048,9102800,DIA
2017-11-27,235.5,243.490005,235.389999,242.449997,220.302841,26909200,DIA
2017-12-04,245.009995,245.570007,241.100006,243.619995,221.365921,20890100,DIA
2017-12-11,243.770004,247.070007,243.5,246.25,223.755692,19465000,DIA
2017-12-18,248.009995,248.539993,246.759995,247.399994,225.315399,12754400,DIA
2017-12-25,246.940002,248.610001,246.880005,247.380005,225.297165,10782100,DIA
2018-01-01,248.339996,252.850006,247.229996,252.720001,230.160477,18265600,DIA
2018-01-08,252.75,257.970001,252.220001,257.910004,234.887238,17675300,DIA
2018-01-15,260.269989,261.320007,256.910004,260.540009,237.282455,23165100,DIA
2018-01-22,259.700012,265.929993,259.630005,265.910004,242.307266,23730200,DIA
2018-01-29,265.559998,265.899994,254.729996,254.929993,232.301727,34044200,DIA
2018-02-05,252.220001,255.020004,233.759995,242.029999,220.546814,88725500,DIA
2018-02-12,244.029999,254.119995,243.059998,251.960007,229.595398,34966900,DIA
2018-02-19,250.440002,252.949997,247.710007,252.910004,231.051346,26041300,DIA
2018-02-26,254.320007,257.859985,242.160004,245.350006,224.14473,33177600,DIA
2018-03-05,243.839996,253.559998,243.800003,253.559998,231.645142,24412700,DIA
2018-03-12,254.050003,254.720001,246.919998,249.100006,227.570602,26336200,DIA
2018-03-19,248.300003,249.649994,234.850006,235.130005,215.200394,28387700,DIA
2018-03-26,239.029999,244.259995,236.850006,241.399994,220.938919,27701000,DIA
2018-04-02,240.330002,246.089996,233.199997,239.130005,218.861298,37301300,DIA
2018-04-09,241.160004,246.460007,239.429993,243.580002,222.934204,25727500,DIA
2018-04-16,245.119995,248.479996,243.589996,244.479996,223.757889,18604200,DIA
2018-04-23,245.059998,245.559998,238.089996,242.949997,222.476685,21904700,DIA
2018-04-30,244.100006,244.839996,235.119995,242.520004,222.082886,20380100,DIA
2018-05-07,243.5,248.940002,241.839996,248.539993,227.595612,16752800,DIA
2018-05-14,249.410004,250.199997,246.419998,247,226.185364,15543600,DIA
2018-05-21,249.220001,250.669998,245.850006,247.369995,227.163269,17534100,DIA
2018-05-28,245.380005,247.160004,242.309998,246.360001,226.235794,19548600,DIA
2018-06-04,247.720001,253.410004,247.160004,253.270004,232.581329,18719200,DIA
2018-06-11,253.619995,254.160004,248.770004,250.740005,230.258011,25898000,DIA
2018-06-18,248.800003,249.899994,243.929993,245.690002,225.957718,22559800,DIA
2018-06-25,244.179993,245.580002,239.830002,242.729996,223.235413,29005400,DIA
2018-07-02,240.919998,245.199997,240.619995,244.600006,224.955261,15684700,DIA
2018-07-09,245.779999,250.460007,245.759995,250.199997,230.105438,17757300,DIA
2018-07-16,250.389999,252.169998,249.679993,250.440002,230.326202,12186300,DIA
2018-07-23,250.210007,255.679993,249.619995,254.259995,234.136246,21992800,DIA
2018-07-30,254.529999,254.789993,251.029999,254.389999,234.256012,17988300,DIA
2018-08-06,254.220001,256.76001,252.399994,253.300003,233.252274,13050900,DIA
2018-08-13,253.570007,257.119995,249.860001,256.51001,236.208237,24128200,DIA
2018-08-20,257.109985,258.700012,255.979996,257.850006,237.942337,16515600,DIA
2018-08-27,259.25,261.769989,258.980011,259.850006,239.787872,16208100,DIA
2018-09-03,259.220001,261.049988,258.209991,259.540009,239.501831,13902300,DIA
2018-09-10,260.519989,262.470001,257.820007,261.890015,241.670486,15841700,DIA
2018-09-17,261.720001,267.609985,260.640015,267.119995,246.496552,18665000,DIA
2018-09-24,266.679993,266.700012,263.269989,264.399994,244.486511,14693800,DIA
2018-10-01,266.100006,269.279999,262.899994,264.320007,244.412537,32407200,DIA
2018-10-08,263.25,265.320007,248.860001,253.300003,234.222519,46992200,DIA
2018-10-15,252.869995,258.109985,252.320007,254.320007,235.165726,34736000,DIA
2018-10-22,255.070007,255.440002,244.309998,246.529999,228.101761,31450500,DIA
2018-10-29,248.720001,255.600006,241.050003,252.460007,233.588455,28042100,DIA
2018-11-05,252.839996,262.970001,252.5,260.089996,240.648132,17899200,DIA
2018-11-12,259.700012,259.920013,248.350006,254.050003,235.059647,29897700,DIA
2018-11-19,253.610001,253.779999,242.710007,242.809998,225.194336,17776300,DIA
2018-11-26,244.869995,255.839996,244.139999,255.509995,236.972931,17962900,DIA
2018-12-03,260.170013,260.299988,242.820007,244.309998,226.58548,29117600,DIA
2018-12-10,243.940002,248.759995,239.25,241.419998,223.905182,26448800,DIA
2018-12-17,240.039993,241.399994,223.850006,224.089996,207.832428,44087500,DIA
2018-12-24,222.5,233.809998,216.970001,230.479996,214.335678,32003900,DIA
2018-12-31,232.330002,235.179993,226.360001,234.279999,217.869492,25093000,DIA
2019-01-07,234.839996,240.160004,232.949997,239.880005,223.077225,19918800,DIA
2019-01-14,237.929993,247.399994,237.639999,247.050003,229.745041,19491100,DIA
2019-01-21,245.350006,248.550003,242.350006,247.389999,230.22551,16499800,DIA
2019-01-28,244.729996,251.850006,243.139999,250.479996,233.10112,21300400,DIA
2019-02-04,250.429993,254.350006,249.130005,251.320007,233.882858,14407200,DIA
2019-02-11,252.119995,258.679993,250.350006,258.649994,240.704269,17238500,DIA
2019-02-18,257.959991,260.410004,257.5,260.170013,242.782974,12334200,DIA
2019-02-25,261.850006,262.359985,258.769989,260.420013,243.016281,15892200,DIA
2019-03-04,261.5,261.679993,252.740005,254.710007,237.687881,19753500,DIA
2019-03-11,252.850006,259.149994,252.460007,258.339996,241.075302,24947400,DIA
2019-03-18,257.940002,260.959991,254.869995,254.960007,238.425735,21956700,DIA
2019-03-25,254.690002,259.339996,253.570007,259.130005,242.325287,18117700,DIA
2019-04-01,261.230011,264.839996,260.579987,264.160004,247.029114,19146900,DIA
2019-04-08,262.829987,264.390015,260.579987,264.070007,246.944962,17122400,DIA
2019-04-15,264.019989,265.929993,263.149994,265.559998,248.338287,11069100,DIA
2019-04-22,264.600006,266.859985,262.980011,265.339996,248.280884,11120100,DIA
2019-04-29,265.320007,266.809998,261.679993,264.970001,247.934647,12506000,DIA
2019-05-06,260.350006,264.700012,255.039993,259.920013,243.209381,26787400,DIA
2019-05-13,254.669998,260.079987,252.589996,257.440002,240.888779,22328500,DIA
2019-05-20,256.209991,258.880005,253.279999,256.119995,240.250671,14808400,DIA
2019-05-27,256.119995,257.209991,248.220001,248.220001,232.840134,18118000,DIA
2019-06-03,248.339996,261.119995,247.039993,260.25,244.124725,17989200,DIA
2019-06-10,261.880005,262.869995,256.950012,261.51001,245.306641,12157100,DIA
2019-06-17,261.640015,268.959991,260.970001,267.100006,250.550323,19306600,DIA
2019-06-24,267.329987,267.910004,264.5,265.850006,249.971756,15203600,DIA
2019-07-01,268.450012,269.600006,266,269.269989,253.187408,10165400,DIA
2019-07-08,267.899994,273.390015,266.690002,273.390015,257.061371,9458700,DIA
2019-07-15,273.549988,273.98999,270.75,271.450012,255.237228,10439000,DIA
2019-07-22,271.769989,273.609985,270.519989,271.859985,255.832306,9781700,DIA
2019-07-29,271.859985,272.679993,262.429993,264.809998,249.197998,20992200,DIA
2019-08-05,260.98999,264.440002,254.360001,263.179993,247.664108,24098800,DIA
2019-08-12,261.420013,264.630005,253.929993,258.880005,243.617569,20325000,DIA
2019-08-19,262.040009,263.820007,255.039993,256.290009,241.81601,14726400,DIA
2019-08-26,259,265.399994,256.339996,264.130005,249.213181,15147100,DIA
2019-09-02,262.070007,268.940002,260.029999,268.320007,253.16658,11130900,DIA
2019-09-09,268.850006,273.440002,267.549988,272.600006,257.204895,12252400,DIA
2019-09-16,271.600006,273.200012,269.089996,269.25,254.044113,15928800,DIA
2019-09-23,268.25,270.609985,266.880005,267.98999,253.459442,14595500,DIA
2019-09-30,268.51001,270.290009,257.380005,265.660004,251.255783,20925100,DIA
2019-10-07,264.920013,270.140015,261.350006,268.160004,253.620132,13908000,DIA
2019-10-14,267.600006,275,267.440002,267.640015,253.128448,10894300,DIA
2019-10-21,268.059998,270.119995,267.059998,269.600006,255.14534,9276200,DIA
2019-10-28,270.779999,273.339996,269.070007,273.339996,258.684845,12849300,DIA
2019-11-04,274.730011,278.049988,273.959991,277.070007,262.214844,9391200,DIA
2019-11-11,275.790009,279.950012,275.390015,279.940002,264.931091,9964500,DIA
2019-11-18,279.76001,280.839996,276.720001,278.859985,264.397369,8983800,DIA
2019-11-25,279.679993,281.910004,279.640015,280.950012,266.378937,5709600,DIA
2019-12-02,281.450012,281.48999,273.619995,280.700012,266.141907,12446500,DIA
2019-12-09,280.440002,283.609985,278.630005,282.109985,267.47876,11368800,DIA
2019-12-16,282.929993,285.059998,282.910004,284.459991,269.70697,10859800,DIA
2019-12-23,285.339996,286.850006,284.869995,286.329987,272.308929,6038100,DIA
2019-12-30,286.339996,288.630005,283.559998,286.320007,272.299438,11056400,DIA
2020-01-06,284.290009,290.040009,284.160004,288.23999,274.125336,10967500,DIA
2020-01-13,288.790009,293.609985,288.140015,293.269989,278.90921,10526300,DIA
2020-01-20,292.440002,293.279999,288.339996,289.799988,275.738861,12039000,DIA
2020-01-27,284.850006,289.279999,281.609985,282.420013,268.717072,17573500,DIA
2020-02-03,283.690002,294.140015,283.5,291.190002,277.061584,16163900,DIA
2020-02-10,290.200012,295.869995,290.160004,294.540009,280.248932,12176300,DIA
2020-02-17,293.149994,294.720001,288.75,289.73999,275.681793,10637900,DIA
2020-02-24,280.329987,282.779999,247,254.559998,242.875732,52706800,DIA
2020-03-02,256.709991,271.109985,252.429993,258.850006,246.968857,38680500,DIA
2020-03-09,241.5,250.539993,211.830002,232.110001,221.456177,58499800,DIA
2020-03-16,206.5,218.309998,189.669998,191.899994,183.091812,67643000,DIA
2020-03-23,190.130005,225.869995,182.100006,216.350006,207.038696,74009500,DIA
2020-03-30,217.360001,224.75,207.179993,210.600006,201.536209,39585100,DIA
2020-04-06,218.949997,240.190002,218.119995,237.139999,226.933929,37583600,DIA
2020-04-13,236.410004,242.660004,230.960007,242.429993,231.996246,31032700,DIA
2020-04-20,238.240005,241.110001,229.410004,237.830002,227.720047,28180100,DIA
2020-04-27,239.119995,247.669998,236.5,237.279999,227.19339,23010100,DIA
2020-05-04,235.210007,243.800003,233.639999,243.619995,233.263901,17377600,DIA
2020-05-11,241.679993,244.139999,228.300003,236.910004,226.839096,28483800,DIA
2020-05-18,243.509995,247.380005,242.070007,244.880005,234.928772,18792300,DIA
2020-05-25,250.839996,257.940002,249.880005,254.289993,243.956406,20238300,DIA
2020-06-01,253.779999,273.950012,252.699997,271.540009,260.505463,22095000,DIA
2020-06-08,272.899994,276.380005,251.380005,256.73999,246.306808,39906400,DIA
2020-06-15,250.289993,267.140015,249.100006,258.799988,248.283112,29449900,DIA
2020-06-22,257.880005,263.149994,249.699997,250.380005,240.899139,21318700,DIA
2020-06-29,252.179993,262.170013,250.949997,258.420013,248.634705,14832200,DIA
2020-07-06,262.160004,263.049988,255.350006,260.820007,250.943695,15761300,DIA
2020-07-13,263.059998,270.540009,260.100006,266.73999,256.639587,23604100,DIA
2020-07-20,266.390015,270.350006,264.049988,264.690002,254.868271,14705600,DIA
2020-07-27,264.769989,266.309998,259.940002,264.350006,254.540924,12907500,DIA
2020-08-03,265.670013,274.820007,265.350006,274.619995,264.429871,10861400,DIA
2020-08-10,275.51001,281.779999,275.480011,279.799988,269.417664,13417200,DIA
2020-08-17,280.140015,280.25,275.869995,279.290009,268.926544,12154400,DIA
2020-08-24,281.720001,287.450012,280.470001,286.700012,276.663025,14764600,DIA
2020-08-31,286.26001,292.359985,277.01001,281.769989,271.905548,23822300,DIA
2020-09-07,278.820007,282.48999,274.850006,277.089996,267.389465,14512300,DIA
2020-09-14,278.920013,284.230011,274.769989,276.519989,266.839294,13817300,DIA
2020-09-21,271.579987,274.589996,265.269989,271.700012,262.815155,20721500,DIA
2020-09-28,275.26001,280.350006,273.290009,276.799988,267.748413,16529400,DIA
2020-10-05,278.790009,286.809998,277.23999,285.929993,276.579834,13346600,DIA
2020-10-12,286.950012,289.609985,281.660004,285.970001,276.618469,12766700,DIA
2020-10-19,286.640015,287.059998,280.299988,283.339996,274.187012,13568900,DIA
2020-10-26,280.140015,280.390015,261.410004,265.059998,256.497528,24736200,DIA
2020-11-02,268.899994,284.959991,266.929993,283.220001,274.070892,23566700,DIA
2020-11-09,298.609985,299.48999,289.190002,295.149994,285.615509,25556500,DIA
2020-11-16,299.279999,300.079987,292.200012,292.529999,283.0802,18587400,DIA
2020-11-23,294.26001,301.109985,293.480011,299.23999,290.214081,11025500,DIA
2020-11-30,297.519989,302.589996,294.75,302.589996,293.463013,15370300,DIA
2020-12-07,301.769989,303.600006,298.679993,300.929993,291.853119,12737100,DIA
2020-12-14,303.019989,303.799988,299,301.899994,292.793884,17279900,DIA
2020-12-21,298.790009,302.970001,297.420013,302.019989,293.478821,13709100,DIA
2020-12-28,303.690002,306.290009,302.640015,305.790009,297.142212,9580300,DIA
2021-01-04,306.589996,311.980011,298.73999,311.040009,302.243774,23094900,DIA
2021-01-11,308.48999,312.269989,306.029999,308.119995,299.406403,14198200,DIA
2021-01-18,310.359985,312.709991,308.600006,309.970001,301.328369,9159800,DIA
2021-01-25,308.98999,311.190002,298.589996,299.809998,291.45166,24867600,DIA
2021-02-01,302.279999,312.549988,300.140015,311.540009,302.854645,12911300,DIA
2021-02-08,312.700012,315.76001,312.299988,315.040009,306.25708,10953300,DIA
2021-02-15,316.329987,316.910004,313.380005,314.920013,306.140411,8768200,DIA
2021-02-22,312.899994,320.040009,308.779999,309.450012,301.396973,28565900,DIA
2021-03-01,313.480011,316.920013,305.679993,315.23999,307.036255,29567200,DIA
2021-03-08,316.75,328.48999,315.829987,328.309998,319.766113,30535900,DIA
2021-03-15,329.179993,332.859985,324.980011,326.01001,317.52594,23070100,DIA
2021-03-22,325.549988,330.890015,320.619995,330.609985,322.663605,25489500,DIA
2021-03-29,329.290009,332.459991,328.899994,331.450012,323.483398,19469500,DIA
2021-04-05,333.940002,338.079987,333.429993,337.859985,329.73938,16978400,DIA
2021-04-12,337.26001,342.429993,335.48999,341.859985,333.643219,17940700,DIA
2021-04-19,341.070007,341.589996,336.75,340.429993,332.356873,19753300,DIA
2021-04-26,341.149994,341.480011,337.369995,338.940002,330.902252,14446700,DIA
2021-05-03,340.790009,348.290009,337.619995,347.880005,339.630219,18486000,DIA
2021-05-10,349.26001,351.089996,335.709991,344.26001,336.0961,31941600,DIA
2021-05-17,343.329987,345.130005,335.200012,342.040009,333.928772,22962200,DIA
2021-05-24,343.369995,346.480011,342.660004,345.640015,338.139465,12887100,DIA
2021-05-31,348.540009,348.649994,343.559998,347.899994,340.350403,12191600,DIA
2021-06-07,348.5,348.540009,343.570007,345.119995,337.630737,13656600,DIA
2021-06-14,344.829987,344.869995,332.679993,332.959991,325.734619,20993200,DIA
2021-06-21,335.26001,344.980011,334.410004,344.450012,337.466583,19903200,DIA
2021-06-28,344.329987,348.290009,341.820007,347.940002,340.885742,16381400,DIA
2021-07-05,347.75,349.070007,341.529999,348.730011,341.65976,18700600,DIA
2021-07-12,348.01001,350.73999,346.339996,346.73999,339.710114,22036300,DIA
2021-07-19,341.790009,350.98999,337.380005,350.570007,343.665771,25145900,DIA
2021-07-26,350,351.709991,348.670013,349.480011,342.597198,16069300,DIA
2021-08-02,350.450012,352.48999,347.109985,352.089996,345.155762,14150000,DIA
2021-08-09,351.600006,356.369995,350.549988,355.390015,348.390778,14119500,DIA
2021-08-16,354.410004,356.600006,347.309998,351.160004,344.24411,21529200,DIA
2021-08-23,352.959991,355.040009,352.070007,354.570007,348.19577,14157900,DIA
2021-08-30,354.959991,355.220001,353.089996,354.140015,347.773438,12990400,DIA
2021-09-06,353.640015,353.690002,346.570007,346.700012,340.467194,14267900,DIA
2021-09-13,348.910004,350.570007,345.059998,345.640015,339.4263,21636100,DIA
2021-09-20,340.220001,348.670013,335.98999,347.869995,342.339813,31658200,DIA
2021-09-27,348.290009,350.5,337.679993,343.179993,337.724365,29182200,DIA
2021-10-04,342.609985,349.769989,338.070007,347.529999,342.005219,26108800,DIA
2021-10-11,347.660004,353.079987,341.119995,352.850006,347.240692,22068500,DIA
2021-10-18,351.339996,357.619995,350.25,356.73999,351.186493,14681400,DIA
2021-10-25,357.359985,358.929993,354.959991,358.230011,352.65329,14712600,DIA
2021-11-01,359.450012,364.940002,357.980011,363.299988,357.644409,17094700,DIA
2021-11-08,365.059998,365.640015,359.380005,361.279999,355.655792,15826600,DIA
2021-11-15,362.600006,363.540009,355.380005,355.910004,350.369415,15239900,DIA
2021-11-22,357.480011,359.23999,347.359985,349.019989,344.258209,24040200,DIA
2021-11-29,352.589996,352.769989,340.320007,346.23999,341.516205,42893200,DIA
2021-12-06,349.26001,360.329987,348.829987,360.230011,355.315308,23283300,DIA
2021-12-13,359.429993,362.51001,352.709991,353.630005,348.805359,38049600,DIA
2021-12-20,349.380005,360.5,346.540009,359.359985,355.111206,17651200,DIA
2021-12-27,360.059998,366.720001,359.700012,363.320007,359.024384,14652000,DIA
2022-01-03,364.339996,369.5,361.130005,362.309998,358.026306,31550400,DIA
2022-01-10,361.070007,365.130005,356.399994,359.140015,354.89386,34889400,DIA
2022-01-17,355.329987,355.549988,342.140015,342.350006,338.302338,40822900,DIA
2022-01-24,338.429993,348,331.350006,347.109985,343.260986,92275200,DIA
2022-01-31,345.779999,356.660004,344.720001,350.869995,346.979309,42743700,DIA
2022-02-07,351.26001,358.100006,346.230011,347.290009,343.438995,32606300,DIA
2022-02-14,346.720001,350.76001,339.670013,340.980011,337.199005,27371000,DIA
2022-02-21,338.790009,341.019989,322.690002,340.540009,337.273193,37338700,DIA
2022-02-28,335.950012,342.089996,331.329987,336.470001,333.242218,37402100,DIA
2022-03-07,335.200012,335.730011,326.059998,330.019989,326.854095,29710600,DIA
2022-03-14,331.75,347.440002,328.790009,347.190002,343.859406,33803000,DIA
2022-03-21,346.609985,349.320007,343.299988,348.540009,345.969635,19615600,DIA
2022-03-28,347.75,353.709991,345.23999,348.01001,345.443512,19123100,DIA
2022-04-04,347.640015,351.049988,341.890015,347.369995,344.808228,22728700,DIA
2022-04-11,345.359985,348.730011,341,344.290009,341.751007,17630400,DIA
2022-04-18,343.869995,354.880005,337.73999,338.269989,335.897766,26101900,DIA
2022-04-25,336.450012,341.079987,329.100006,329.690002,327.37793,33793000,DIA
2022-05-02,330.350006,341.170013,324.459991,329.070007,326.762268,45587800,DIA
2022-05-09,324.980011,327.609985,312.529999,322.230011,319.970215,35935900,DIA
2022-05-16,321.709991,327.369995,306.279999,312.420013,310.229034,19159100,DIA
2022-05-23,315.320007,332.130005,313.619995,332.070007,330.527496,20401200,DIA
2022-05-30,330.170013,332.950012,325.359985,329.350006,327.82016,15945100,DIA
2022-06-06,331.589996,332.73999,314.320007,314.369995,312.909729,13490700,DIA
2022-06-13,307.5,310.679993,296.390015,298.720001,297.332428,26783600,DIA
2022-06-20,303.079987,315.119995,301.329987,315.019989,314.281891,16505100,DIA
2022-06-27,315.399994,318.75,304.25,310.850006,310.121674,14818000,DIA
2022-07-04,306.600006,315.140015,303.579987,313.459991,312.725525,10622800,DIA
2022-07-11,311.660004,313.73999,301.470001,312.660004,311.927429,14841000,DIA
2022-07-18,315.76001,322.200012,309.730011,319.059998,318.445435,14016700,DIA
2022-07-25,320.070007,329.269989,317.100006,328.660004,328.026978,15352800,DIA
2022-08-01,326.910004,329.720001,323.899994,327.970001,327.338287,15802500,DIA
2022-08-08,329.809998,337.920013,327.190002,337.829987,337.179291,12125800,DIA
2022-08-15,336.109985,343.089996,336.059998,337.040009,336.390839,12654400,DIA
2022-08-22,333.109985,333.519989,330.160004,330.76001,330.76001,2684500,DIA
